time,close,MACD,Signal_Line,signal,position,strategy_returns,cumulative
2025-03-13 20:00:00,2988.8,0.0,0.0,hold,0.0,0.0,1.0
2025-03-14 00:00:00,2987.88,-0.07339031339006397,-0.014678062678012794,sell,-0.33333333333333326,0.0012178800856531011,1.001217880085653
2025-03-14 04:00:00,2986.29,-0.25689109666245713,-0.06312066947490166,hold,0.0,0.0005353319057816047,1.001753863961502
2025-03-14 08:00:00,2998.81,0.6010144560059416,0.06970635562126698,buy,0.0,0.002678909282085799,1.0044374716860338
2025-03-14 12:00:00,2985.35,0.1925813197090065,0.09428134843881489,hold,0.0,0.0,1.0044374716860338
2025-03-14 16:00:00,2986.56,-0.033086594138694636,0.06880775992331299,sell,-0.33333333333333326,0.0009814594603647859,1.005423286344965
2025-03-14 20:00:00,2986.24,-0.23504195006898954,0.008037817924852482,hold,0.0,0.0005359505585609929,1.0059621435168717
2025-03-17 00:00:00,2990.8,-0.02682985628143797,0.001064283083594392,hold,0.0,0.0,1.0059621435168717
2025-03-17 04:00:00,2986.04,-0.24311006933930912,-0.04777058740098632,hold,0.0,0.0,1.0059621435168717
2025-03-17 08:00:00,2995.67,0.35841523461112956,0.03346657700143686,buy,0.0,0.002679133568204043,1.0086572504639104
2025-03-17 12:00:00,2988.35,0.24167961537432348,0.07510918467601418,hold,0.0,0.0,1.0086572504639104
2025-03-17 16:00:00,2997.76,0.8981211716372854,0.23971158206826845,hold,0.0,0.0,1.0086572504639104
2025-03-17 20:00:00,3001.02,1.6622492151864208,0.524219108691899,hold,0.0,0.0,1.0086572504639104
2025-03-18 00:00:00,3005.64,2.6105290303298716,0.9414810930194936,hold,0.0,0.0,1.0086572504639104
2025-03-18 04:00:00,3012.03,3.8334772726179835,1.5198803289391916,hold,0.0,0.0,1.0086572504639104
2025-03-18 08:00:00,3020.21,5.400476866745521,2.295999636500458,hold,0.0,0.0,1.0086572504639104
2025-03-18 12:00:00,3033.23,7.605271684175932,3.357854046035553,hold,0.0,0.0,1.0086572504639104
2025-03-18 16:00:00,3032.57,9.193355695733317,4.524954375975106,hold,0.0,0.0,1.0086572504639104
2025-03-18 20:00:00,3033.76,10.427742249566563,5.705511950693397,hold,0.0,0.0,1.0086572504639104
2025-03-19 00:00:00,3029.41,10.92901100542349,6.750211761639416,hold,0.0,0.0,1.0086572504639104
2025-03-19 04:00:00,3044.5,12.40095648644592,7.880360706600717,hold,0.0,0.0,1.0086572504639104
2025-03-19 08:00:00,3030.35,12.284093755207778,8.76110731632213,hold,0.0,0.0,1.0086572504639104
2025-03-19 12:00:00,3033.26,12.284681715005263,9.465822196058758,hold,0.0,0.0,1.0086572504639104
2025-03-19 16:00:00,3030.56,11.929761379062256,9.958610032659458,hold,0.0,0.0,1.0086572504639104
2025-03-19 20:00:00,3047.16,12.839954718377157,10.534878969802998,hold,0.0,0.0,1.0086572504639104
2025-03-20 00:00:00,3049.68,13.607770528742094,11.149457281590818,hold,0.0,0.0,1.0086572504639104
2025-03-20 04:00:00,3046.71,13.817338237389777,11.68303347275061,hold,0.0,0.0,1.0086572504639104
2025-03-20 08:00:00,3041.49,13.40765666168818,12.027958110538124,hold,0.0,0.0,1.0086572504639104
2025-03-20 12:00:00,3032.52,12.21833170452328,12.066032829335157,hold,0.0,0.0,1.0086572504639104
2025-03-20 16:00:00,3041.73,11.881985009256823,12.02922326531949,sell,0.0,-0.0016487937424979884,1.0069941827010203
2025-03-20 20:00:00,3044.47,11.70163378066627,11.963705368388847,hold,0.0,0.0,1.0069941827010203
2025-03-21 00:00:00,3035.94,10.746525168173775,11.720269328345834,hold,0.0,0.0,1.0069941827010203
2025-03-21 04:00:00,3028.01,9.243160583819645,11.224847579440596,hold,0.0,0.0,1.0069941827010203
2025-03-21 08:00:00,3029.67,8.092397327316576,10.598357529015791,hold,0.0,0.0,1.0069941827010203
2025-03-21 12:00:00,3006.66,5.263025575613938,9.53129113833542,hold,0.0,0.0,1.0069941827010203
2025-03-21 16:00:00,3013.68,3.5463038262673763,8.334293675921813,hold,0.0,0.0,1.0069941827010203
2025-03-21 20:00:00,3022.94,2.8995696485594635,7.247348870449343,hold,0.0,0.0,1.0069941827010203
2025-03-24 00:00:00,3020.84,2.192304185699868,6.2363399334994485,hold,0.0,0.0,1.0069941827010203
2025-03-24 04:00:00,3022.12,1.7153035616847774,5.332132659136514,hold,0.0,0.0,1.0069941827010203
2025-03-24 08:00:00,3023.61,1.440897903989935,4.553885708107198,hold,0.0,0.0,1.0069941827010203
2025-03-24 12:00:00,3022.79,1.1440741219898882,3.8719233908837363,hold,0.0,0.0,1.0069941827010203
2025-03-24 16:00:00,3007.0,-0.36111914450020777,3.0253148838069475,hold,0.0,0.0,1.0069941827010203
2025-03-24 20:00:00,3011.96,-1.140616784690792,2.1921285501074,hold,0.0,0.0,1.0069941827010203
2025-03-25 00:00:00,3011.86,-1.746313035156163,1.4044402330546875,hold,0.0,0.0,1.0069941827010203
2025-03-25 04:00:00,3018.29,-1.6880259033541734,0.7859470057729154,hold,0.0,0.0,1.0069941827010203
2025-03-25 08:00:00,3023.2,-1.2314416729864206,0.38246927002104825,hold,0.0,0.0,1.0069941827010203
2025-03-25 12:00:00,3028.45,-0.44088204323452374,0.2177990073699339,hold,0.0,0.0,1.0069941827010203
2025-03-25 16:00:00,3022.69,-0.27596060062887773,0.11904708577017159,hold,0.0,0.0,1.0069941827010203
2025-03-25 20:00:00,3019.81,-0.37334738376466703,0.02056819186320387,hold,0.0,0.0,1.0069941827010203
2025-03-26 00:00:00,3024.86,-0.042543896093320654,0.007945774271898966,hold,0.0,0.0,1.0069941827010203
2025-03-26 04:00:00,3022.83,0.05518013437358604,0.017392646292236382,buy,0.0,-0.0016529690630310162,1.0053296524703632
2025-03-26 08:00:00,3018.69,-0.1991406979882413,-0.025914022563859156,sell,-0.6666666666666666,0.001354139443281081,1.0066910090062733
2025-03-26 12:00:00,3016.74,-0.5516810572685245,-0.13106742950479222,hold,-0.33333333333333326,0.0008769568405400589,1.0075738335729314
2025-03-26 16:00:00,3018.72,-0.663652209898828,-0.2375843855835994,hold,0.0,0.0008821755330821338,1.0084626905566831
2025-03-26 20:00:00,3018.85,-0.7334455379150313,-0.3367566160498858,hold,0.0,0.0,1.0084626905566831
2025-03-27 00:00:00,3023.55,-0.4048397916267277,-0.3503732511652542,hold,0.0,0.0,1.0084626905566831
2025-03-27 04:00:00,3029.73,0.3502198647715886,-0.21025462797788563,buy,0.0,0.002645896380083015,1.0111309783390758
2025-03-27 08:00:00,3039.94,1.7522726455422344,0.18225082672613835,hold,0.0,0.0,1.0111309783390758
2025-03-27 12:00:00,3040.55,2.879439096054284,0.7216884805917676,hold,0.0,0.0,1.0111309783390758
2025-03-27 16:00:00,3052.87,4.7125246160157985,1.519855707676574,hold,0.0,0.0,1.0111309783390758
2025-03-27 20:00:00,3056.42,6.378189628908785,2.4915224919230163,hold,0.0,0.0,1.0111309783390758
2025-03-28 00:00:00,3073.86,9.001736979421821,3.7935653894227777,hold,0.0,0.0,1.0111309783390758
2025-03-28 04:00:00,3077.82,11.270536334046483,5.288959578347519,hold,0.0,0.0,1.0111309783390758
2025-03-28 08:00:00,3072.87,12.524774730586614,6.7361226087953385,hold,0.0,0.0,1.0111309783390758
2025-03-28 12:00:00,3083.27,14.194337295048626,8.227765546045996,hold,0.0,0.0,1.0111309783390758
2025-03-28 16:00:00,3077.39,14.871580474669827,9.556528531770763,hold,0.0,0.0,1.0111309783390758
2025-03-28 20:00:00,3084.2,15.775955268108646,10.80041387903834,hold,0.0,0.0,1.0111309783390758
2025-03-31 00:00:00,3079.07,15.895497282704582,11.819430559771588,hold,0.0,0.0,1.0111309783390758
2025-03-31 04:00:00,3113.33,18.541001741061336,13.163744796029539,hold,0.0,0.0,1.0111309783390758
2025-03-31 08:00:00,3122.24,21.113166182895384,14.75362907340271,hold,0.0,0.0,1.0111309783390758
2025-03-31 12:00:00,3124.58,23.074455518430568,16.41779436240828,hold,0.0,0.0,1.0111309783390758
2025-03-31 16:00:00,3117.56,23.788121459166632,17.89185978175995,hold,0.0,0.0,1.0111309783390758
2025-03-31 20:00:00,3123.96,24.5867130485276,19.230830435113482,hold,0.0,0.0,1.0111309783390758
2025-04-01 00:00:00,3127.25,25.194649900038257,20.42359432809844,hold,0.0,0.0,1.0111309783390758
2025-04-01 04:00:00,3144.69,26.775060254924938,21.69388751346374,hold,0.0,0.0,1.0111309783390758
2025-04-01 08:00:00,3130.87,26.605694461688927,22.676248903108778,hold,0.0,0.0,1.0111309783390758
2025-04-01 12:00:00,3133.33,26.36604098309408,23.41420731910584,hold,0.0,0.0,1.0111309783390758
2025-04-01 16:00:00,3106.65,23.749491494359518,23.48126415415658,hold,0.0,0.0,1.0111309783390758
2025-04-01 20:00:00,3114.12,22.02473629384849,23.189958582094963,sell,0.0,-0.0016094506944779746,1.0095036128837798
2025-04-02 00:00:00,3122.92,21.124432518019148,22.776853369279802,hold,0.0,0.0,1.0095036128837798
2025-04-02 04:00:00,3116.12,19.63588189572556,22.148659074568954,hold,0.0,0.0,1.0095036128837798
2025-04-02 08:00:00,3131.2,19.44883075978896,21.608693411612958,hold,0.0,0.0,1.0095036128837798
2025-04-02 12:00:00,3122.43,18.38104048793184,20.963162826876736,hold,0.0,0.0,1.0095036128837798
2025-04-02 16:00:00,3131.43,18.052930839179226,20.381116429337233,hold,0.0,0.0,1.0095036128837798
2025-04-02 20:00:00,3132.12,17.645176204524432,19.833928384374673,hold,0.0,0.0,1.0095036128837798
2025-04-03 00:00:00,3151.27,18.652261021196864,19.59759491173911,hold,0.0,0.0,1.0095036128837798
2025-04-03 04:00:00,3140.32,18.355221934302335,19.349120316251756,hold,0.0,0.0,1.0095036128837798
2025-04-03 08:00:00,3129.08,17.016684507996615,18.88263315460073,hold,0.0,0.0,1.0095036128837798
2025-04-03 12:00:00,3076.35,11.567668752253212,17.419640274131226,hold,0.0,0.0,1.0095036128837798
2025-04-03 16:00:00,3107.59,9.658751351003957,15.867462489505773,hold,0.0,0.0,1.0095036128837798
2025-04-03 20:00:00,3114.19,8.579585280498122,14.409887047704242,hold,0.0,0.0,1.0095036128837798
2025-04-04 00:00:00,3110.57,7.347536817503169,12.997417001664028,hold,0.0,0.0,1.0095036128837798
2025-04-04 04:00:00,3100.14,5.4665012773502895,11.491233856801282,hold,0.0,0.0,1.0095036128837798
2025-04-04 08:00:00,3084.18,2.6572967797683305,9.724446441394692,hold,0.0,0.0,1.0095036128837798
2025-04-04 12:00:00,3071.14,-0.6141574195312387,7.656725669209505,hold,0.0,0.0,1.0095036128837798
2025-04-04 16:00:00,3030.93,-6.377898944116168,4.84980074654437,hold,0.0,0.0,1.0095036128837798
2025-04-04 20:00:00,3037.34,-10.309629210453295,1.8179147551448374,hold,0.0,0.0,1.0095036128837798
2025-04-07 00:00:00,2978.75,-17.94640216316202,-2.1349486285165344,hold,0.0,0.0,1.0095036128837798
2025-04-07 04:00:00,3034.73,-19.259470406302626,-5.5598529840737525,hold,0.0,0.0,1.0095036128837798
2025-04-07 08:00:00,3031.16,-20.35353275740954,-8.51858893874091,hold,0.0,0.0,1.0095036128837798
2025-04-07 12:00:00,3031.23,-20.97317097827772,-11.009505346648274,hold,0.0,0.0,1.0095036128837798
2025-04-07 16:00:00,2970.43,-26.06977447350755,-14.02155917202013,hold,0.0,0.0,1.0095036128837798
2025-04-07 20:00:00,2982.01,-28.841987759245512,-16.985644889465206,hold,0.0,0.0,1.0095036128837798
2025-04-08 00:00:00,2985.24,-30.427602296399527,-19.674036370852072,hold,0.0,0.0,1.0095036128837798
2025-04-08 04:00:00,3002.17,-29.972598275122436,-21.733748751706145,hold,0.0,0.0,1.0095036128837798
2025-04-08 08:00:00,3007.45,-28.85334899035979,-23.157668799436877,hold,0.0,0.0,1.0095036128837798
2025-04-08 12:00:00,3002.6,-28.03452577306325,-24.133040194162152,hold,0.0,0.0,1.0095036128837798
2025-04-08 16:00:00,2985.99,-28.398530081186436,-24.98613817156701,hold,0.0,0.0,1.0095036128837798
2025-04-08 20:00:00,2981.96,-28.681570150728476,-25.725224567399305,hold,0.0,0.0,1.0095036128837798
2025-04-09 00:00:00,2980.42,-28.69931869352331,-26.320043392624108,hold,0.0,0.0,1.0095036128837798
2025-04-09 04:00:00,3012.41,-25.834257652197266,-26.222886244538742,buy,0.0,0.0026841854503727664,1.012213307793581
2025-04-09 08:00:00,3043.89,-20.783919142300874,-25.13509282409117,hold,0.0,0.0,1.012213307793581
2025-04-09 12:00:00,3047.35,-16.314236046031056,-23.37092146847915,hold,0.0,0.0,1.012213307793581
2025-04-09 16:00:00,3092.42,-9.03110272506774,-20.502957719796868,hold,0.0,0.0,1.012213307793581
2025-04-09 20:00:00,3082.78,-3.9910284396969473,-17.200571863776887,hold,0.0,0.0,1.012213307793581
2025-04-10 00:00:00,3097.1,1.1455656977273065,-13.531344351476049,hold,0.0,0.0,1.012213307793581
2025-04-10 04:00:00,3125.27,7.404087421376516,-9.344257996905537,hold,0.0,0.0,1.012213307793581
2025-04-10 08:00:00,3105.08,10.612512276983125,-5.352903942127805,hold,0.0,0.0,1.012213307793581
2025-04-10 12:00:00,3123.03,14.437203975513057,-1.3948823585996322,hold,0.0,0.0,1.012213307793581
2025-04-10 16:00:00,3158.6,20.106723637033156,2.905438840526925,hold,0.0,0.0,1.012213307793581
2025-04-10 20:00:00,3175.39,25.65889176344308,7.4561294251101575,hold,0.0,0.0,1.012213307793581
2025-04-11 00:00:00,3205.51,32.11920705606144,12.388744951300415,hold,0.0,0.0,1.012213307793581
2025-04-11 04:00:00,3208.52,37.05479075191852,17.321954111424038,hold,0.0,0.0,1.012213307793581
2025-04-11 08:00:00,3216.01,41.09691711474807,22.076946712088844,hold,0.0,0.0,1.012213307793581
2025-04-11 12:00:00,3233.58,45.19707973958839,26.700973317588755,hold,0.0,0.0,1.012213307793581
2025-04-11 16:00:00,3223.3,47.074334448627724,30.77564554379655,hold,0.0,0.0,1.012213307793581
2025-04-11 20:00:00,3237.53,49.14381509589566,34.449279454216374,hold,0.0,0.0,1.012213307793581
2025-04-14 00:00:00,3220.97,48.884133949500665,37.336250353273236,hold,0.0,0.0,1.012213307793581
2025-04-14 04:00:00,3227.35,48.63254178124771,39.59550863886813,hold,0.0,0.0,1.012213307793581
2025-04-14 08:00:00,3226.92,47.846906415451485,41.245788194184804,hold,0.0,0.0,1.012213307793581
2025-04-14 12:00:00,3206.47,45.05477720959425,42.007585997266695,hold,0.0,0.0,1.012213307793581
2025-04-14 16:00:00,3207.5,42.43593208010998,42.093255213835356,hold,0.0,0.0,1.012213307793581
2025-04-14 20:00:00,3210.46,40.13665533102585,41.70193523727346,sell,-0.33333333333333326,0.0007316186022343334,1.0129538618789922
2025-04-15 00:00:00,3211.91,37.9934994127284,40.96024807236445,hold,0.0,0.0004988308651598006,1.0134591545302802
2025-04-15 04:00:00,3231.88,37.47446273129617,40.2630910041508,hold,0.0,0.0,1.0134591545302802
2025-04-15 08:00:00,3227.66,36.30411247967504,39.47129529925565,hold,0.0,0.0,1.0134591545302802
2025-04-15 12:00:00,3221.48,34.480457866812685,38.47312781276706,hold,0.0,0.0,1.0134591545302802
2025-04-15 16:00:00,3221.4,32.65234718304009,37.308971686821664,hold,0.0,0.0,1.0134591545302802
2025-04-15 20:00:00,3229.36,31.482945967171872,36.14376654289171,hold,0.0,0.0,1.0134591545302802
2025-04-16 00:00:00,3264.44,33.00637298075435,35.51628783046424,hold,0.0,0.0,1.0134591545302802
2025-04-16 04:00:00,3283.65,35.356221803581775,35.48427462508775,hold,0.0,0.0,1.0134591545302802
2025-04-16 08:00:00,3306.96,38.65383872398934,36.11818744486807,buy,0.0,0.002436313248975987,1.0159282584957583
2025-04-16 12:00:00,3307.31,40.824862365630906,37.05952242902064,hold,0.0,0.0,1.0159282584957583
2025-04-16 16:00:00,3327.24,43.650423767308894,38.37770269667829,hold,0.0,0.0,1.0159282584957583
2025-04-16 20:00:00,3342.85,46.61198413879629,40.02455898510189,hold,0.0,0.0,1.0159282584957583
2025-04-17 00:00:00,3345.07,48.57819828581614,41.735286845244744,hold,0.0,0.0,1.0159282584957583
2025-04-17 04:00:00,3341.47,49.2779022666914,43.24380992953408,hold,0.0,0.0,1.0159282584957583
2025-04-17 08:00:00,3324.23,47.88926120023507,44.17290018367428,hold,0.0,0.0,1.0159282584957583
2025-04-17 12:00:00,3328.15,46.56825453904867,44.651971054749154,hold,0.0,0.0,1.0159282584957583
2025-04-17 16:00:00,3316.04,44.036545564739754,44.528885956747274,sell,0.0,0.0024037378122981237,1.0183702836652866
2025-04-17 20:00:00,3327.24,42.44461921091079,44.112032607579984,hold,0.0,0.0,1.0183702836652866
2025-04-21 00:00:00,3368.73,44.02342768912558,44.094311623889105,hold,0.0,0.0,1.0183702836652866
2025-04-21 04:00:00,3376.3,45.362569058790996,44.347963110869486,buy,0.0,0.002374782187946199,1.0207886912756687
2025-04-21 08:00:00,3392.83,47.21343401726017,44.92105729214762,hold,0.0,0.0,1.0207886912756687
2025-04-21 12:00:00,3414.94,49.88925774236077,45.914697382190255,hold,0.0,0.0,1.0207886912756687
2025-04-21 16:00:00,3414.54,51.38525345014705,47.008808595781616,hold,0.0,0.0,1.0207886912756687
2025-04-21 20:00:00,3424.4,52.75829563202933,48.15870600303116,hold,0.0,0.0,1.0207886912756687
2025-04-22 00:00:00,3425.46,53.31736519752667,49.19043784193027,hold,0.0,0.0,1.0207886912756687
2025-04-22 04:00:00,3484.39,57.8487460229444,50.9220994781331,hold,0.0,0.0,1.0207886912756687
2025-04-22 08:00:00,3444.07,57.52331794003294,52.24234317051307,hold,0.0,0.0,1.0207886912756687
2025-04-22 12:00:00,3431.38,55.600508838721,52.91397630415466,hold,0.0,0.0,1.0207886912756687
2025-04-22 16:00:00,3392.84,50.3859944848291,52.40837994028955,sell,0.0,0.002331423508908952,1.023168582028137
2025-04-22 20:00:00,3380.93,44.77626392853426,50.881956737938495,hold,0.0,0.0,1.023168582028137
2025-04-23 00:00:00,3367.85,38.82748626843386,48.47106264403757,hold,0.0,0.0,1.023168582028137
2025-04-23 04:00:00,3346.55,32.025139255324575,45.18187796629498,hold,0.0,0.0,1.023168582028137
2025-04-23 08:00:00,3321.4,24.32443844157433,41.01039006135085,hold,0.0,0.0,1.023168582028137
2025-04-23 12:00:00,3310.78,17.166744773348,36.24166100375027,hold,0.0,0.0,1.023168582028137
2025-04-23 16:00:00,3294.98,10.102833839286177,31.013895570857457,hold,0.0,0.0,1.023168582028137
2025-04-23 20:00:00,3288.12,3.9060622090178185,25.59232889848953,hold,0.0,0.0,1.023168582028137
2025-04-24 00:00:00,3331.77,2.4885794535762216,20.971579009506872,hold,0.0,0.0,1.023168582028137
2025-04-24 04:00:00,3326.08,0.8957530274774399,16.956413813100983,hold,0.0,0.0,1.023168582028137
2025-04-24 08:00:00,3335.98,0.4273476733837924,13.650600585157544,hold,0.0,0.0,1.023168582028137
2025-04-24 12:00:00,3335.87,0.04671843386904584,10.929824154899846,hold,0.0,0.0,1.023168582028137
2025-04-24 16:00:00,3331.5,-0.6006317501819467,8.623732973883486,hold,0.0,0.0,1.023168582028137
2025-04-24 20:00:00,3348.58,0.2615369859627208,6.951293776299334,hold,0.0,0.0,1.023168582028137
2025-04-25 00:00:00,3357.88,1.6759251754097022,5.8962200561214075,hold,0.0,0.0,1.023168582028137
2025-04-25 04:00:00,3324.78,0.12450936742197882,4.741877918381522,hold,0.0,0.0,1.023168582028137
2025-04-25 08:00:00,3303.66,-2.777192583193937,3.23806381806643,hold,0.0,0.0,1.023168582028137
2025-04-25 12:00:00,3292.63,-5.898842913925364,1.4106824716680713,hold,0.0,0.0,1.023168582028137
2025-04-25 16:00:00,3285.35,-8.858097812202686,-0.6430735851060803,hold,0.0,0.0,1.023168582028137
2025-04-25 20:00:00,3318.62,-8.421638284503388,-2.198786524985542,hold,0.0,0.0,1.023168582028137
2025-04-28 00:00:00,3314.15,-8.340290924801593,-3.427087404948752,hold,0.0,0.0,1.023168582028137
2025-04-28 04:00:00,3298.95,-9.394046800536216,-4.620479284066245,hold,0.0,0.0,1.023168582028137
2025-04-28 08:00:00,3282.6,-11.416857850749693,-5.979754997402935,hold,0.0,0.0,1.023168582028137
2025-04-28 12:00:00,3296.02,-11.801033370423738,-7.144010672007096,hold,0.0,0.0,1.023168582028137
2025-04-28 16:00:00,3336.63,-8.727996716374491,-7.460807880880576,hold,0.0,0.0,1.023168582028137
2025-04-28 20:00:00,3343.99,-5.633760059026827,-7.095398316509826,buy,0.0,0.0023976287451710258,1.0256217604315636
2025-04-29 00:00:00,3329.94,-4.266095896614388,-6.529537832530739,hold,0.0,0.0,1.0256217604315636
2025-04-29 04:00:00,3309.32,-4.790847952882814,-6.181799856601154,hold,0.0,0.0,1.0256217604315636
2025-04-29 08:00:00,3311.93,-4.939176795225649,-5.933275244326054,hold,0.0,0.0,1.0256217604315636
2025-04-29 12:00:00,3312.81,-4.9289025059474625,-5.732400696650336,hold,0.0,0.0,1.0256217604315636
2025-04-29 16:00:00,3328.66,-3.600295555590037,-5.305979668438276,hold,0.0,0.0,1.0256217604315636
2025-04-29 20:00:00,3317.2,-3.4325232092351143,-4.931288376597644,hold,0.0,0.0,1.0256217604315636
2025-04-30 00:00:00,3313.09,-3.5898238129825586,-4.662995463874627,hold,0.0,0.0,1.0256217604315636
2025-04-30 04:00:00,3308.05,-4.074206635713836,-4.545237698242469,hold,0.0,0.0,1.0256217604315636
2025-04-30 08:00:00,3284.52,-6.28431617904198,-4.893053394402372,sell,0.0,0.002418343132661235,1.0281020657726112
2025-04-30 12:00:00,3298.62,-6.819481021489537,-5.278338919819806,hold,0.0,0.0,1.0281020657726112
2025-04-30 16:00:00,3310.7,-6.197408108632317,-5.462152757582309,hold,0.0,0.0,1.0281020657726112
2025-04-30 20:00:00,3288.27,-7.428691061708832,-5.855460418407614,hold,0.0,0.0,1.0281020657726112
2025-05-01 00:00:00,3246.59,-11.633614274954198,-7.011091189716931,hold,0.0,0.0,1.0281020657726112
2025-05-01 04:00:00,3226.64,-16.386945974506034,-8.886262146674753,hold,0.0,0.0,1.0281020657726112
2025-05-01 08:00:00,3235.18,-19.243066867607922,-10.957623090861386,hold,0.0,0.0,1.0281020657726112
2025-05-01 12:00:00,3226.83,-21.92757107881198,-13.151612688451504,hold,0.0,0.0,1.0281020657726112
2025-05-01 16:00:00,3219.47,-24.368050776150994,-15.394900305991403,hold,0.0,0.0,1.0281020657726112
2025-05-01 20:00:00,3237.89,-24.533007225334586,-17.22252168986004,hold,0.0,0.0,1.0281020657726112
2025-05-02 00:00:00,3231.52,-24.890816326827462,-18.756180617253527,hold,0.0,0.0,1.0281020657726112
2025-05-02 04:00:00,3251.81,-23.268919567862213,-19.658728407375264,hold,0.0,0.0,1.0281020657726112
2025-05-02 08:00:00,3258.11,-21.230465758782884,-19.97307587765679,hold,0.0,0.0,1.0281020657726112
2025-05-02 12:00:00,3250.43,-20.00409350655582,-19.979279403436596,hold,0.0,0.0,1.0281020657726112
2025-05-02 16:00:00,3224.88,-20.853470306018153,-20.154117583952907,hold,0.0,0.0,1.0281020657726112
2025-05-02 20:00:00,3240.3,-20.051204604103987,-20.133534987983126,buy,0.0,0.0024807124606186894,1.030652491377961
2025-05-05 00:00:00,3246.71,-18.682806067229194,-19.84338920383234,hold,0.0,0.0,1.030652491377961
2025-05-05 04:00:00,3256.52,-16.6152253780283,-19.197756438671533,hold,0.0,0.0,1.030652491377961
2025-05-05 08:00:00,3282.32,-12.74785902178246,-17.90777695529372,hold,0.0,0.0,1.030652491377961
2025-05-05 12:00:00,3319.55,-6.602681859234053,-15.646757936081787,hold,0.0,0.0,1.030652491377961
2025-05-05 16:00:00,3309.77,-2.4930110696673182,-13.016008562798893,hold,0.0,0.0,1.030652491377961
2025-05-05 20:00:00,3333.96,2.6849134642629906,-9.875824157386516,hold,0.0,0.0,1.030652491377961
2025-05-06 00:00:00,3329.6,6.363288373020168,-6.62800165130518,hold,0.0,0.0,1.030652491377961
2025-05-06 04:00:00,3363.17,11.850638647710184,-2.9322735915021068,hold,0.0,0.0,1.030652491377961
2025-05-06 08:00:00,3377.19,17.133199248704386,1.0808209765391918,hold,0.0,0.0,1.030652491377961
2025-05-06 12:00:00,3391.01,22.179157562888577,5.300488293809069,hold,0.0,0.0,1.030652491377961
2025-05-06 16:00:00,3408.88,27.305316839666375,9.70145400298053,hold,0.0,0.0,1.030652491377961
2025-05-06 20:00:00,3430.46,32.731848274866024,14.307532857357629,hold,0.0,0.0,1.030652491377961
2025-05-07 00:00:00,3379.66,32.557970074240984,17.957620300734302,hold,0.0,0.0,1.030652491377961
2025-05-07 04:00:00,3382.17,32.25093763700761,20.816283767988963,hold,0.0,0.0,1.030652491377961
2025-05-07 08:00:00,3382.79,31.692311794309262,22.991489373253025,hold,0.0,0.0,1.030652491377961
2025-05-07 12:00:00,3390.76,31.529259503940466,24.69904339939051,hold,0.0,0.0,1.030652491377961
2025-05-07 16:00:00,3386.89,30.733486233663825,25.905931966245177,hold,0.0,0.0,1.030652491377961
2025-05-07 20:00:00,3364.44,27.968894797023495,26.31852453240084,hold,0.0,0.0,1.030652491377961
2025-05-08 00:00:00,3380.25,26.74536709256745,26.403893044434163,hold,0.0,0.0,1.030652491377961
2025-05-08 04:00:00,3382.14,25.632741488305783,26.24966273320849,sell,0.0,-0.0014791805339841727,1.0291279702754126
2025-05-08 08:00:00,3339.31,21.052277080541444,25.210185602675082,hold,0.0,0.0,1.0291279702754126
2025-05-08 12:00:00,3356.13,18.56544853223022,23.881238188586114,hold,0.0,0.0,1.0291279702754126
2025-05-08 16:00:00,3310.36,12.754338432758686,21.655858237420627,hold,0.0,0.0,1.0291279702754126
2025-05-08 20:00:00,3305.85,7.696353728811118,18.863957335698725,hold,0.0,0.0,1.0291279702754126
2025-05-09 00:00:00,3322.15,4.946122365560768,16.080390341671134,hold,0.0,0.0,1.0291279702754126
2025-05-09 04:00:00,3324.64,2.933649105287259,13.451042094394358,hold,0.0,0.0,1.0291279702754126
2025-05-09 08:00:00,3328.51,1.6322110910527954,11.087275893726046,hold,0.0,0.0,1.0291279702754126
2025-05-09 12:00:00,3333.54,0.9952187882645376,9.068864472633745,hold,0.0,0.0,1.0291279702754126
2025-05-09 16:00:00,3336.97,0.7584274537348392,7.406777068853964,hold,0.0,0.0,1.0291279702754126
2025-05-09 20:00:00,3327.15,-0.2190976938741187,5.881602116308348,hold,0.0,0.0,1.0291279702754126
2025-05-12 00:00:00,3279.17,-4.80993252241251,3.743295188564176,hold,0.0,0.0,1.0291279702754126
2025-05-12 04:00:00,3278.9,-8.373464852208599,1.319943180409621,hold,0.0,0.0,1.0291279702754126
2025-05-12 08:00:00,3231.39,-14.859953545327699,-1.916036164737843,hold,0.0,0.0,1.0291279702754126
2025-05-12 12:00:00,3233.7,-19.58834265195628,-5.450497462181531,hold,0.0,0.0,1.0291279702754126
2025-05-12 16:00:00,3224.21,-23.826729072796752,-9.125743784304575,hold,0.0,0.0,1.0291279702754126
2025-05-12 20:00:00,3234.4,-26.06299502561751,-12.513194032567164,hold,0.0,0.0,1.0291279702754126
2025-05-13 00:00:00,3239.93,-27.076901455597636,-15.42593551717326,hold,0.0,0.0,1.0291279702754126
2025-05-13 04:00:00,3252.54,-26.556777986715133,-17.652104011081637,hold,0.0,0.0,1.0291279702754126
2025-05-13 08:00:00,3255.59,-25.60332765654539,-19.24234874017439,hold,0.0,0.0,1.0291279702754126
2025-05-13 12:00:00,3242.1,-25.64067195448615,-20.522013383036743,hold,0.0,0.0,1.0291279702754126
2025-05-13 16:00:00,3251.03,-24.665364245414366,-21.35068355551227,hold,0.0,0.0,1.0291279702754126
2025-05-13 20:00:00,3249.98,-23.70390818565238,-21.82132848154029,hold,0.0,0.0,1.0291279702754126
2025-05-14 00:00:00,3243.78,-23.17508753272614,-22.092080291777464,hold,0.0,0.0,1.0291279702754126
2025-05-14 04:00:00,3223.97,-24.076950696015047,-22.48905437262498,hold,0.0,0.0,1.0291279702754126
2025-05-14 08:00:00,3232.55,-23.824712995502978,-22.756186097200583,hold,0.0,0.0,1.0291279702754126
2025-05-14 12:00:00,3184.73,-27.170285019370112,-23.639005881634493,hold,0.0,0.0,1.0291279702754126
2025-05-14 16:00:00,3188.55,-29.1770974595006,-24.746624197207716,hold,0.0,0.0,1.0291279702754126
2025-05-14 20:00:00,3177.4,-31.306342562628743,-26.058567870291924,hold,0.0,0.0,1.0291279702754126
2025-05-15 00:00:00,3187.81,-31.787359750975156,-27.204326246428572,hold,0.0,0.0,1.0291279702754126
2025-05-15 04:00:00,3138.61,-35.72676228029604,-28.908813453202065,hold,0.0,0.0,1.0291279702754126
2025-05-15 08:00:00,3162.62,-36.49071853796568,-30.425194470154786,hold,0.0,0.0,1.0291279702754126
2025-05-15 12:00:00,3188.87,-34.57939402715965,-31.25603438155576,hold,0.0,0.0,1.0291279702754126
2025-05-15 16:00:00,3222.4,-30.013092555420826,-31.007446016328775,buy,0.0,0.0025087256614412003,1.0317097700233493
2025-05-15 20:00:00,3239.64,-24.718205732202023,-29.749597959503426,hold,0.0,0.0,1.0317097700233493
2025-05-16 00:00:00,3243.15,-20.008101175752017,-27.801298602753146,hold,0.0,0.0,1.0317097700233493
2025-05-16 04:00:00,3219.64,-17.965277364564827,-25.834094355115482,hold,0.0,0.0,1.0317097700233493
2025-05-16 08:00:00,3207.44,-17.133261246231996,-24.093927733338784,hold,0.0,0.0,1.0317097700233493
2025-05-16 12:00:00,3177.45,-18.678510598008415,-23.010844306272713,hold,0.0,0.0,1.0317097700233493
2025-05-16 16:00:00,3189.33,-18.728623217228687,-22.15440008846391,hold,0.0,0.0,1.0317097700233493
2025-05-16 20:00:00,3201.0,-17.623513466279746,-21.248222764027076,hold,0.0,0.0,1.0317097700233493
2025-05-19 00:00:00,3246.44,-12.932005673184904,-19.584979345858642,hold,0.0,0.0,1.0317097700233493
2025-05-19 04:00:00,3215.89,-11.545986682319835,-17.97718081315088,hold,0.0,0.0,1.0317097700233493
2025-05-19 08:00:00,3244.46,-8.049407852640798,-15.991626221048865,hold,0.0,0.0,1.0317097700233493
2025-05-19 12:00:00,3229.28,-6.4291320418938085,-14.079127385217854,hold,0.0,0.0,1.0317097700233493
2025-05-19 16:00:00,3231.85,-4.881404474591818,-12.239582803092649,hold,0.0,0.0,1.0317097700233493
2025-05-19 20:00:00,3230.12,-3.751174563177301,-10.54190115510958,hold,0.0,0.0,1.0317097700233493
2025-05-20 00:00:00,3222.79,-3.4076477144835735,-9.11505046698438,hold,0.0,0.0,1.0317097700233493
2025-05-20 04:00:00,3217.28,-3.539213314914832,-7.999883036570471,hold,0.0,0.0,1.0317097700233493
2025-05-20 08:00:00,3235.83,-2.122186781748951,-6.824343785606167,hold,0.0,0.0,1.0317097700233493
2025-05-20 12:00:00,3242.8,-0.4317849477101845,-5.545832018026971,hold,0.0,0.0,1.0317097700233493
2025-05-20 16:00:00,3278.94,3.780487542750052,-3.6805681058715667,hold,0.0,0.0,1.0317097700233493
2025-05-20 20:00:00,3289.66,7.892775248463295,-1.3658994350045943,hold,0.0,0.0,1.0317097700233493
2025-05-21 00:00:00,3303.46,12.125561624752208,1.3323927769467665,hold,0.0,0.0,1.0317097700233493
2025-05-21 04:00:00,3302.11,15.195971901050598,4.105108601767533,hold,0.0,0.0,1.0317097700233493
2025-05-21 08:00:00,3308.48,17.93653867705507,6.87139461682504,hold,0.0,0.0,1.0317097700233493
2025-05-21 12:00:00,3302.52,19.403859784442375,9.377887650348509,hold,0.0,0.0,1.0317097700233493
2025-05-21 16:00:00,3303.08,20.377016096105763,11.57771333949996,hold,0.0,0.0,1.0317097700233493
2025-05-21 20:00:00,3315.11,21.86690191184107,13.635551053968182,hold,0.0,0.0,1.0317097700233493
2025-05-22 00:00:00,3323.77,23.475822116057316,15.603605266386008,hold,0.0,0.0,1.0317097700233493
2025-05-22 04:00:00,3338.56,25.648670457068874,17.612618304522584,hold,0.0,0.0,1.0317097700233493
2025-05-22 08:00:00,3311.35,24.888153681997665,19.0677253800176,hold,0.0,0.0,1.0317097700233493
2025-05-22 12:00:00,3304.04,23.42554761968222,19.939289827950525,hold,0.0,0.0,1.0317097700233493
2025-05-22 16:00:00,3301.54,21.81324318203133,20.314080498766685,hold,0.0,0.0,1.0317097700233493
2025-05-22 20:00:00,3294.71,19.756614426811666,20.20258728437568,sell,0.0,0.0024231116388109793,1.0342097179749679
2025-05-23 00:00:00,3300.93,18.416331334524784,19.845336094405504,hold,0.0,0.0,1.0342097179749679
2025-05-23 04:00:00,3313.6,18.167091517667814,19.509687179057966,hold,0.0,0.0,1.0342097179749679
2025-05-23 08:00:00,3326.37,18.783475233603895,19.364444789967152,hold,0.0,0.0,1.0342097179749679
2025-05-23 12:00:00,3357.07,21.501343099552287,19.791824451884178,buy,0.0,0.002405024095335155,1.0366970172663272
2025-05-23 16:00:00,3359.02,23.541252759773215,20.54171011346199,hold,0.0,0.0,1.0366970172663272
2025-05-23 20:00:00,3357.9,24.781851464963438,21.38973838376228,hold,0.0,0.0,1.0366970172663272
2025-05-26 00:00:00,3341.82,24.18868120304751,21.949526947619326,hold,0.0,0.0,1.0366970172663272
2025-05-26 04:00:00,3349.84,24.088064260486135,22.37723441019269,hold,0.0,0.0,1.0366970172663272
2025-05-26 08:00:00,3334.39,22.50224683528313,22.402236895210777,hold,0.0,0.0,1.0366970172663272
2025-05-26 12:00:00,3334.39,21.00336142425158,22.12246180101894,sell,0.0,0.0023992394410971723,1.0391843016386204
2025-05-26 16:00:00,3342.11,20.20550691219796,21.739070823254746,hold,0.0,0.0,1.0391843016386204
2025-05-26 20:00:00,3342.19,19.356526802615463,21.26256201912689,hold,0.0,0.0,1.0391843016386204
2025-05-27 00:00:00,3345.04,18.698134673425557,20.749676549986624,hold,0.0,0.0,1.0391843016386204
2025-05-27 04:00:00,3330.9,16.841239020374815,19.96798904406426,hold,0.0,0.0,1.0391843016386204
2025-05-27 08:00:00,3298.56,12.614654232139856,18.497322081679382,hold,0.0,0.0,1.0391843016386204
2025-05-27 12:00:00,3293.81,8.780553281446828,16.553968321632873,hold,0.0,0.0,1.0391843016386204
2025-05-27 16:00:00,3297.79,5.994057627411621,14.441986182788622,hold,0.0,0.0,1.0391843016386204
2025-05-27 20:00:00,3300.56,3.9635660736530554,12.346302160961509,hold,0.0,0.0,1.0391843016386204
2025-05-28 00:00:00,3308.51,2.961744302774605,10.469390589324128,hold,0.0,0.0,1.0391843016386204
2025-05-28 04:00:00,3296.41,1.1778469688638324,8.61108186523207,hold,0.0,0.0,1.0391843016386204
2025-05-28 08:00:00,3321.57,1.7738493771230424,7.243635367610264,hold,0.0,0.0,1.0391843016386204
2025-05-28 12:00:00,3312.27,1.4787076812908708,6.090649830346386,hold,0.0,0.0,1.0391843016386204
2025-05-28 16:00:00,3293.44,-0.27148832178318116,4.818222199920473,hold,0.0,0.0,1.0391843016386204
2025-05-28 20:00:00,3288.64,-2.0225366054251026,3.4500704388513577,hold,0.0,0.0,1.0391843016386204
2025-05-29 00:00:00,3264.81,-5.272360342119555,1.7055842826571754,hold,0.0,0.0,1.0391843016386204
2025-05-29 04:00:00,3269.13,-7.413819277226594,-0.11829642931957851,hold,0.0,0.0,1.0391843016386204
2025-05-29 08:00:00,3281.75,-8.000388878495869,-1.6947149191548367,hold,0.0,0.0,1.0391843016386204
2025-05-29 12:00:00,3316.45,-5.600688265490135,-2.4759095884218967,hold,0.0,0.0,1.0391843016386204
2025-05-29 16:00:00,3322.26,-3.193279656833056,-2.619383602104129,hold,0.0,0.0,1.0391843016386204
2025-05-29 20:00:00,3317.56,-1.6456714345881664,-2.4246411686009366,buy,0.0,-0.0015049996087001017,1.037620329671287
2025-05-30 00:00:00,3312.52,-0.8164550617798341,-2.1030039472367164,hold,0.0,0.0,1.037620329671287
2025-05-30 04:00:00,3296.28,-1.452978358733617,-1.9729988295360967,hold,0.0,0.0,1.037620329671287
2025-05-30 08:00:00,3295.77,-1.9758045502644563,-1.9735599736817686,sell,0.0,0.0024269782906791897,1.0401386116853666
2025-05-30 12:00:00,3304.09,-1.6992062154208725,-1.9186892220295895,buy,0.0,0.0024273538505417552,1.0426633961495382
2025-05-30 16:00:00,3293.52,-2.3063248281168853,-1.9962163432470488,sell,0.0,0.0024212415521368967,1.0451879360891876
2025-05-30 20:00:00,3288.72,-3.138610637744023,-2.2246952021464437,hold,0.0,0.0,1.0451879360891876
2025-06-02 00:00:00,3311.35,-1.949676606679077,-2.1696914830529703,buy,0.0,0.0024325573475394682,1.047730415682681
2025-06-02 04:00:00,3313.88,-0.7941336865383164,-1.8945799237500396,hold,0.0,0.0,1.047730415682681
2025-06-02 08:00:00,3352.09,3.1683473327921092,-0.8819944724416098,hold,0.0,0.0,1.047730415682681
2025-06-02 12:00:00,3355.44,6.50398519884493,0.5952014618156982,hold,0.0,0.0,1.047730415682681
2025-06-02 16:00:00,3371.53,10.326789963429746,2.541519162138508,hold,0.0,0.0,1.047730415682681
2025-06-02 20:00:00,3381.6,14.007485548635032,4.834712439437813,hold,0.0,0.0,1.047730415682681
2025-06-03 00:00:00,3375.89,16.276093365549514,7.122988624660154,hold,0.0,0.0,1.047730415682681
2025-06-03 04:00:00,3362.74,16.819007257826343,9.062192351293392,hold,0.0,0.0,1.047730415682681
2025-06-03 08:00:00,3361.15,16.92585993972034,10.634925868978781,hold,0.0,0.0,1.047730415682681
2025-06-03 12:00:00,3359.37,16.674694833629474,11.84287966190892,hold,0.0,0.0,1.047730415682681
2025-06-03 16:00:00,3348.44,15.415979211095419,12.55749957174622,hold,0.0,0.0,1.047730415682681
2025-06-03 20:00:00,3353.3,14.641817635479129,12.974363184492802,hold,0.0,0.0,1.047730415682681
2025-06-04 00:00:00,3350.26,13.625915345346584,13.10467361666356,hold,0.0,0.0,1.047730415682681
2025-06-04 04:00:00,3354.8,13.036864658258764,13.091111824982601,sell,0.0,-0.0014924214837057422,1.0461667603011842
2025-06-04 08:00:00,3362.76,13.061775206458151,13.085244501277712,hold,0.0,0.0,1.0461667603011842
2025-06-04 12:00:00,3358.83,12.618935605116349,12.99198272204544,hold,0.0,0.0,1.0461667603011842
2025-06-04 16:00:00,3375.06,13.422876822240596,13.078161542084473,buy,0.0,0.0023817817513836666,1.0486585011997736
2025-06-04 20:00:00,3372.6,13.703538723722431,13.203236978412066,hold,0.0,0.0,1.0486585011997736
2025-06-05 00:00:00,3380.3,14.381509857661058,13.438891554261865,hold,0.0,0.0,1.0486585011997736
2025-06-05 04:00:00,3368.4,13.799504223480653,13.511014088105622,hold,0.0,0.0,1.0486585011997736
2025-06-05 08:00:00,3375.21,13.729505459111351,13.554712362306768,hold,0.0,0.0,1.0486585011997736
2025-06-05 12:00:00,3383.06,14.14441234789183,13.67265235942378,hold,0.0,0.0,1.0486585011997736
2025-06-05 16:00:00,3354.21,12.006867461917409,13.339495379922507,sell,0.0,0.002364723061370475,1.0511382881410627
2025-06-05 20:00:00,3352.6,10.066889360804453,12.684974176098898,hold,0.0,0.0,1.0511382881410627
2025-06-06 00:00:00,3359.38,8.97309581308582,11.942598503496281,hold,0.0,0.0,1.0511382881410627
2025-06-06 04:00:00,3373.71,9.157011457316912,11.385481094260408,hold,0.0,0.0,1.0511382881410627
2025-06-06 08:00:00,3365.31,8.52666603376747,10.81371808216182,hold,0.0,0.0,1.0511382881410627
2025-06-06 12:00:00,3353.48,6.991931972197563,10.049360860168969,hold,0.0,0.0,1.0511382881410627
2025-06-06 16:00:00,3322.76,3.2592265738485366,8.691334002904883,hold,0.0,0.0,1.0511382881410627
2025-06-06 20:00:00,3312.12,-0.551174824559439,6.842832237412019,hold,0.0,0.0,1.0511382881410627
2025-06-09 00:00:00,3305.43,-4.063926064628959,4.661480577003824,hold,0.0,0.0,1.0511382881410627
2025-06-09 04:00:00,3311.72,-6.2680026650855325,2.4755839285859533,hold,0.0,0.0,1.0511382881410627
2025-06-09 08:00:00,3319.81,-7.27805695131201,0.5248557526063606,hold,0.0,0.0,1.0511382881410627
2025-06-09 12:00:00,3320.02,-7.969717067855981,-1.1740588114861077,hold,0.0,0.0,1.0511382881410627
2025-06-09 16:00:00,3337.62,-7.016804429047625,-2.3426079349984112,hold,0.0,0.0,1.0511382881410627
2025-06-09 20:00:00,3325.39,-7.165869405148442,-3.3072602290284174,hold,0.0,0.0,1.0511382881410627
2025-06-10 00:00:00,3316.59,-7.902990176678941,-4.226406218558522,hold,0.0,0.0,1.0511382881410627
2025-06-10 04:00:00,3307.25,-9.13551510962452,-5.208227996771722,hold,0.0,0.0,1.0511382881410627
2025-06-10 08:00:00,3329.33,-8.23569259145279,-5.813720915707936,hold,0.0,0.0,1.0511382881410627
2025-06-10 12:00:00,3337.22,-6.807447683011105,-6.01246626916857,hold,0.0,0.0,1.0511382881410627
2025-06-10 16:00:00,3321.34,-6.877655259781932,-6.185504067291243,hold,0.0,0.0,1.0511382881410627
2025-06-10 20:00:00,3322.4,-6.7697249537209245,-6.302348244577179,hold,0.0,0.0,1.0511382881410627
2025-06-11 00:00:00,3332.5,-5.8023183042009805,-6.2023422565019395,buy,0.0,0.0024078979051288226,1.0536693218230782
2025-06-11 04:00:00,3341.85,-4.232386390141528,-5.808351083229858,hold,0.0,0.0,1.0536693218230782
2025-06-11 08:00:00,3344.57,-2.737170373256049,-5.194114941235096,hold,0.0,0.0,1.0536693218230782
2025-06-11 12:00:00,3336.72,-2.160722834405533,-4.5874365198691835,hold,0.0,0.0,1.0536693218230782
2025-06-11 16:00:00,3330.25,-2.2005918813529206,-4.110067592165931,hold,0.0,0.0,1.0536693218230782
2025-06-11 20:00:00,3354.82,-0.246750343988424,-3.33740414253043,hold,0.0,0.0,1.0536693218230782
2025-06-12 00:00:00,3365.75,2.1587579869269575,-2.2381717166389525,hold,0.0,0.0,1.0536693218230782
2025-06-12 04:00:00,3370.45,4.39374305545698,-0.911788762219766,hold,0.0,0.0,1.0536693218230782
2025-06-12 08:00:00,3356.76,5.002648815069733,0.2710987532381338,hold,0.0,0.0,1.0536693218230782
2025-06-12 12:00:00,3388.07,7.920365306901658,1.800952063970839,hold,0.0,0.0,1.0536693218230782
2025-06-12 16:00:00,3383.84,9.778629050565996,3.396487461289871,hold,0.0,0.0,1.0536693218230782
2025-06-12 20:00:00,3386.66,11.348053589897518,4.9868006870114,hold,0.0,0.0,1.0536693218230782
2025-06-13 00:00:00,3416.34,14.815972490058812,6.952635047620883,hold,0.0,0.0,1.0536693218230782
2025-06-13 04:00:00,3425.32,18.08051325240649,9.178210688578005,hold,0.0,0.0,1.0536693218230782
2025-06-13 08:00:00,3424.3,20.35078862743785,11.412726276349975,hold,0.0,0.0,1.0536693218230782
2025-06-13 12:00:00,3436.78,22.893132142035938,13.708807449487168,hold,0.0,0.0,1.0536693218230782
2025-06-13 16:00:00,3429.96,24.08006074017385,15.783058107624505,hold,0.0,0.0,1.0536693218230782
2025-06-13 20:00:00,3434.15,25.069818921163005,17.640410270332204,hold,0.0,0.0,1.0536693218230782
2025-06-16 00:00:00,3436.66,25.759802465571738,19.26428870938011,hold,0.0,0.0,1.0536693218230782
2025-06-16 04:00:00,3427.54,25.279307493634406,20.46729246623097,hold,0.0,0.0,1.0536693218230782
2025-06-16 08:00:00,3413.85,23.522688270679282,21.07837162712063,hold,0.0,0.0,1.0536693218230782
2025-06-16 12:00:00,3415.61,22.018753685507363,21.26644803879798,hold,0.0,0.0,1.0536693218230782
2025-06-16 16:00:00,3399.41,19.29722369785941,20.872603170610265,sell,0.0,0.0023421877790497157,1.0561372132318119
2025-06-16 20:00:00,3385.14,15.806711899013862,19.859424916290983,hold,0.0,0.0,1.0561372132318119
2025-06-17 00:00:00,3394.36,13.627345539246562,18.6130090408821,hold,0.0,0.0,1.0561372132318119
2025-06-17 04:00:00,3394.06,11.740635764052513,17.238534385516186,hold,0.0,0.0,1.0561372132318119
2025-06-17 08:00:00,3378.91,8.920100917231139,15.574847691859176,hold,0.0,0.0,1.0561372132318119
2025-06-17 12:00:00,3386.7,7.230051098014428,13.905888373090228,hold,0.0,0.0,1.0561372132318119
2025-06-17 16:00:00,3382.9,5.520410343949607,12.228792767262105,hold,0.0,0.0,1.0561372132318119
2025-06-17 20:00:00,3388.47,4.562368039837111,10.695507821777108,hold,0.0,0.0,1.0561372132318119
2025-06-18 00:00:00,3385.74,3.541994519066975,9.264805161235081,hold,0.0,0.0,1.0561372132318119
2025-06-18 04:00:00,3395.12,3.4504540738021205,8.101934943748489,hold,0.0,0.0,1.0561372132318119
2025-06-18 08:00:00,3383.55,2.4164499748189883,6.96483794996259,hold,0.0,0.0,1.0561372132318119
2025-06-18 12:00:00,3386.63,1.8244929174979916,5.93676894346967,hold,0.0,0.0,1.0561372132318119
2025-06-18 16:00:00,3391.0,1.6885209447536909,5.087119343726474,hold,0.0,0.0,1.0561372132318119
2025-06-18 20:00:00,3369.15,-0.18027215007168707,4.033641044966843,hold,0.0,0.0,1.0561372132318119
2025-06-19 00:00:00,3379.45,-0.8207194790652466,3.0627689401604252,hold,0.0,0.0,1.0561372132318119
2025-06-19 04:00:00,3374.51,-1.7072155974610723,2.108772032636126,hold,0.0,0.0,1.0561372132318119
2025-06-19 08:00:00,3368.68,-2.847379615036971,1.1175417031015065,hold,0.0,0.0,1.0561372132318119
2025-06-19 12:00:00,3367.97,-3.7648599180947713,0.1410613788622509,hold,0.0,0.0,1.0561372132318119
2025-06-19 16:00:00,3371.08,-4.192687962733544,-0.725688489456908,hold,0.0,0.0,1.0561372132318119
2025-06-19 20:00:00,3370.63,-4.515998391294488,-1.4837504698244242,hold,0.0,0.0,1.0561372132318119
2025-06-20 00:00:00,3368.14,-4.916472392117612,-2.170294854283062,hold,0.0,0.0,1.0561372132318119
2025-06-20 04:00:00,3354.3,-6.278251482311134,-2.9918861798886764,hold,0.0,0.0,1.0561372132318119
2025-06-20 08:00:00,3351.0,-7.536873259729873,-3.900883595856916,hold,0.0,0.0,1.0561372132318119
2025-06-20 12:00:00,3344.48,-8.957196609449056,-4.9121461985753445,hold,0.0,0.0,1.0561372132318119
2025-06-20 16:00:00,3371.48,-7.814063090174841,-5.492529576895244,hold,0.0,0.0,1.0561372132318119
2025-06-20 20:00:00,3368.64,-7.05594921507236,-5.805213504530667,hold,0.0,0.0,1.0561372132318119
2025-06-23 00:00:00,3365.72,-6.614510148082445,-5.967072833241023,hold,0.0,0.0,1.0561372132318119
2025-06-23 04:00:00,3358.49,-6.7700264329414495,-6.127663553181108,hold,0.0,0.0,1.0561372132318119
2025-06-23 08:00:00,3361.83,-6.548279631244441,-6.211786768793775,hold,0.0,0.0,1.0561372132318119
2025-06-23 12:00:00,3360.44,-6.410805303632969,-6.251590475761614,hold,0.0,0.0,1.0561372132318119
2025-06-23 16:00:00,3389.82,-3.8863361830981376,-5.778539617228919,buy,0.0,0.002380640630393639,1.0586514963929023
2025-06-23 20:00:00,3369.04,-3.5218508472594294,-5.327201863235022,hold,0.0,0.0,1.0586514963929023
2025-06-24 00:00:00,3351.08,-4.628856913513573,-5.187532873290732,hold,0.0,0.0,1.0586514963929023
2025-06-24 04:00:00,3348.55,-5.645242214271093,-5.279074741486804,sell,0.0,0.0023872900676796733,1.0611788045953752
2025-06-24 08:00:00,3327.27,-8.074772097038021,-5.838214212597048,hold,0.0,0.0,1.0611788045953752
2025-06-24 12:00:00,3314.77,-10.883380727729673,-6.8472475156235735,hold,0.0,0.0,1.0611788045953752
2025-06-24 16:00:00,3318.43,-12.667864632371675,-8.011370938973194,hold,0.0,0.0,1.0611788045953752
2025-06-24 20:00:00,3322.81,-13.572199718545562,-9.123536694887669,hold,0.0,0.0,1.0611788045953752
2025-06-25 00:00:00,3326.94,-13.796596726589996,-10.058148701228134,hold,0.0,0.0,1.0611788045953752
2025-06-25 04:00:00,3327.5,-13.770507810082108,-10.80062052299893,hold,0.0,0.0,1.0611788045953752
2025-06-25 08:00:00,3327.16,-13.620261418971495,-11.364548702193442,hold,0.0,0.0,1.0611788045953752
2025-06-25 12:00:00,3320.63,-13.868242036546235,-11.865287369064001,hold,0.0,0.0,1.0611788045953752
2025-06-25 16:00:00,3334.8,-12.77411583052617,-12.047053061356436,hold,0.0,0.0,1.0611788045953752
2025-06-25 20:00:00,3332.15,-11.982716485860237,-12.034185746257197,buy,0.0,-0.0014993402902722802,1.0595877364584623
2025-06-26 00:00:00,3333.98,-11.080136184644289,-11.843375833934616,hold,0.0,0.0,1.0595877364584623
2025-06-26 04:00:00,3333.97,-10.247514738568043,-11.524203614861301,hold,0.0,0.0,1.0595877364584623
2025-06-26 08:00:00,3348.22,-8.34164306727098,-10.887691505343238,hold,0.0,0.0,1.0595877364584623
2025-06-26 12:00:00,3322.03,-8.842608076171928,-10.478674819508976,hold,0.0,0.0,1.0595877364584623
2025-06-26 16:00:00,3331.33,-8.392451224727665,-10.061430100552716,hold,0.0,0.0,1.0595877364584623
2025-06-26 20:00:00,3327.76,-8.22891008784427,-9.694926098011027,hold,0.0,0.0,1.0595877364584623
2025-06-27 00:00:00,3318.61,-8.73691734427075,-9.503324347262971,hold,0.0,0.0,1.0595877364584623
2025-06-27 04:00:00,3293.97,-11.000946763473621,-9.802848830505102,sell,0.0,0.00241064783147161,1.0621420293376098
2025-06-27 08:00:00,3289.51,-13.005175547595627,-10.443314173923207,hold,0.0,0.0,1.0621420293376098
2025-06-27 12:00:00,3270.02,-15.981990970511106,-11.551049533240787,hold,0.0,0.0,1.0621420293376098
2025-06-27 16:00:00,3277.67,-17.5218664047552,-12.74521290754367,hold,0.0,0.0,1.0621420293376098
2025-06-27 20:00:00,3274.96,-18.74482446400907,-13.945135218836752,hold,0.0,0.0,1.0621420293376098
2025-06-30 00:00:00,3264.59,-20.31660272166937,-15.219428719403275,hold,0.0,0.0,1.0621420293376098
2025-06-30 04:00:00,3285.82,-19.62296343383423,-16.100135662289468,hold,0.0,0.0,1.0621420293376098
2025-06-30 08:00:00,3289.14,-18.591047029588935,-16.59831793574936,hold,0.0,0.0,1.0621420293376098
2025-06-30 12:00:00,3281.95,-18.14426298603985,-16.90750694580746,hold,0.0,0.0,1.0621420293376098
2025-06-30 16:00:00,3297.31,-16.36214713441541,-16.79843498352905,buy,0.0,0.002437575222047868,1.0647310804306187
2025-06-30 20:00:00,3302.92,-14.331917938591232,-16.305131574541484,hold,0.0,0.0,1.0647310804306187
2025-07-01 00:00:00,3314.72,-11.636645287291685,-15.371434317091525,hold,0.0,0.0,1.0647310804306187
2025-07-01 04:00:00,3322.93,-8.73742431790015,-14.044632317253251,hold,0.0,0.0,1.0647310804306187
2025-07-01 08:00:00,3339.49,-5.045357469312421,-12.244777347665085,hold,0.0,0.0,1.0647310804306187
2025-07-01 12:00:00,3354.51,-0.8970389130759031,-9.97522966074725,hold,0.0,0.0,1.0647310804306187
2025-07-01 16:00:00,3341.75,1.3453991456626682,-7.711103899465266,hold,0.0,0.0,1.0647310804306187
2025-07-01 20:00:00,3338.78,2.850039799709066,-5.5988751596304,hold,0.0,0.0,1.0647310804306187
2025-07-02 00:00:00,3338.93,4.008376040917028,-3.6774249195209143,hold,0.0,0.0,1.0647310804306187
2025-07-02 04:00:00,3340.11,4.964355990115109,-1.9490687375937097,hold,0.0,0.0,1.0647310804306187
2025-07-02 08:00:00,3333.59,5.136655312248877,-0.5319239276251926,hold,0.0,0.0,1.0647310804306187
2025-07-02 12:00:00,3346.64,6.254135917200074,0.8252880413398608,hold,0.0,0.0,1.0647310804306187
2025-07-02 16:00:00,3348.65,7.218724585840391,2.103975350239967,hold,0.0,0.0,1.0647310804306187
2025-07-02 20:00:00,3356.93,8.552704601603182,3.3937212005126103,hold,0.0,0.0,1.0647310804306187
2025-07-03 00:00:00,3346.38,8.658783478892019,4.446733656188492,hold,0.0,0.0,1.0647310804306187
2025-07-03 12:00:00,3324.47,6.895411847378455,4.936469294426485,hold,0.0,0.0,1.0647310804306187
2025-07-03 16:00:00,3333.88,6.1859279554819295,5.186361026637574,hold,0.0,0.0,1.0647310804306187
2025-07-03 20:00:00,3325.92,4.9245838469537375,5.134005590700807,sell,0.0,0.0023996064645398153,1.0672860160142164
2025-07-04 00:00:00,3328.96,4.122737792158205,4.931752030992286,hold,0.0,0.0,1.0672860160142164
2025-07-04 04:00:00,3327.68,3.3454197971805115,4.614485584229932,hold,0.0,0.0,1.0672860160142164
2025-07-04 08:00:00,3342.84,3.907630259266625,4.473114519237271,hold,0.0,0.0,1.0672860160142164
2025-07-04 12:00:00,3333.87,3.5880215870060965,4.296095932791037,hold,0.0,0.0,1.0672860160142164
2025-07-04 16:00:00,3337.04,3.549604290084517,4.146797604249733,hold,0.0,0.0,1.0672860160142164
2025-07-07 00:00:00,3326.53,2.640649378933631,3.845567959186513,hold,0.0,0.0,1.0672860160142164
2025-07-07 04:00:00,3307.72,0.39789952684759555,3.15603427271873,hold,0.0,0.0,1.0672860160142164
2025-07-07 08:00:00,3310.1,-1.1739175883403732,2.2900439005069093,hold,0.0,0.0,1.0672860160142164
2025-07-07 12:00:00,3309.6,-2.431906295814315,1.3456538612426647,hold,0.0,0.0,1.0672860160142164
2025-07-07 16:00:00,3327.4,-1.9698529322017748,0.6825525025537768,hold,0.0,0.0,1.0672860160142164
2025-07-07 20:00:00,3336.16,-0.8865934258706147,0.3687233168688985,hold,0.0,0.0,1.0672860160142164
2025-07-08 00:00:00,3334.22,-0.18254004141363112,0.2584706452123926,hold,0.0,0.0,1.0672860160142164
2025-07-08 04:00:00,3329.62,0.00419739702329025,0.20761599557457217,hold,0.0,0.0,1.0672860160142164
2025-07-08 08:00:00,3323.72,-0.3202014463327032,0.1020525071931171,hold,0.0,0.0,1.0672860160142164
2025-07-08 12:00:00,3328.22,-0.2117367059836397,0.03929466455776575,hold,0.0,0.0,1.0672860160142164
2025-07-08 16:00:00,3300.37,-2.3459966762970907,-0.43776360361320554,hold,0.0,0.0,1.0672860160142164
2025-07-08 20:00:00,3301.48,-3.9028556652742736,-1.1307820159454192,hold,0.0,0.0,1.0672860160142164
2025-07-09 00:00:00,3307.01,-4.637000392646314,-1.8320256912855983,hold,0.0,0.0,1.0672860160142164
2025-07-09 04:00:00,3293.99,-6.197974177423475,-2.7052153885131736,hold,0.0,0.0,1.0672860160142164
2025-07-09 08:00:00,3284.98,-8.069073590825155,-3.77798702897557,hold,0.0,0.0,1.0672860160142164
2025-07-09 12:00:00,3296.42,-8.530486822512103,-4.728486987682877,hold,0.0,0.0,1.0672860160142164
2025-07-09 16:00:00,3311.89,-7.560705316597705,-5.294930653465843,hold,0.0,0.0,1.0672860160142164
2025-07-09 20:00:00,3313.55,-6.582321455079182,-5.552408813788511,hold,0.0,0.0,1.0672860160142164
2025-07-10 00:00:00,3317.68,-5.411310492862867,-5.524189149603382,buy,0.0,0.00241432904286943,1.069862795639728
2025-07-10 04:00:00,3322.22,-4.070019163572397,-5.233355152397185,hold,0.0,0.0,1.069862795639728
2025-07-10 08:00:00,3328.69,-2.456642547591855,-4.678012631436119,hold,0.0,0.0,1.069862795639728
2025-07-10 12:00:00,3323.83,-1.5522974205691753,-4.05286958926273,hold,0.0,0.0,1.069862795639728
2025-07-10 16:00:00,3315.12,-1.5208897293623522,-3.546473617282655,hold,0.0,0.0,1.069862795639728
2025-07-10 20:00:00,3323.85,-0.7825402307889817,-2.9936869399839203,hold,0.0,0.0,1.069862795639728
2025-07-11 00:00:00,3330.64,0.3465089801247814,-2.32564775596218,hold,0.0,0.0,1.069862795639728
2025-07-11 04:00:00,3332.0,1.3356329034322698,-1.5933916240832902,hold,0.0,0.0,1.069862795639728
2025-07-11 08:00:00,3333.03,2.1775318985769445,-0.8392069195512433,hold,0.0,0.0,1.069862795639728
2025-07-11 12:00:00,3355.12,4.574489437239208,0.24353235180684707,hold,0.0,0.0,1.069862795639728
2025-07-11 16:00:00,3353.82,6.2966129853393795,1.4541484785133538,hold,0.0,0.0,1.069862795639728
2025-07-11 20:00:00,3355.5,7.708115902108602,2.704941963232404,hold,0.0,0.0,1.069862795639728
2025-07-14 00:00:00,3367.65,9.695383248271355,4.1030302202401945,hold,0.0,0.0,1.069862795639728
2025-07-14 04:00:00,3359.76,10.512468681894461,5.384917912571048,hold,0.0,0.0,1.069862795639728
2025-07-14 08:00:00,3365.95,11.526624293059285,6.613259188668696,hold,0.0,0.0,1.069862795639728
2025-07-14 12:00:00,3350.11,10.926243369692656,7.475856024873488,hold,0.0,0.0,1.069862795639728
2025-07-14 16:00:00,3347.78,10.145474915547766,8.009779803008344,hold,0.0,0.0,1.069862795639728
2025-07-14 20:00:00,3343.26,9.057573990898163,8.219338640586308,hold,0.0,0.0,1.069862795639728
2025-07-15 00:00:00,3347.64,8.451411454595473,8.265753203388142,hold,0.0,0.0,1.069862795639728
2025-07-15 04:00:00,3360.26,8.886909052027022,8.389984373115919,hold,0.0,0.0,1.069862795639728
2025-07-15 08:00:00,3361.05,9.189855499564146,8.549958598405565,hold,0.0,0.0,1.069862795639728
2025-07-15 12:00:00,3348.81,8.34606875048803,8.509180628822058,sell,0.0,0.002380208565775576,1.0724092922301143
2025-07-15 16:00:00,3329.26,6.030326212032833,8.013409745464212,hold,0.0,0.0,1.0724092922301143
2025-07-15 20:00:00,3324.65,3.779527058405165,7.166633208052403,hold,0.0,0.0,1.0724092922301143
2025-07-16 00:00:00,3330.5,2.4396755613074674,6.221241678703416,hold,0.0,0.0,1.0724092922301143
2025-07-16 04:00:00,3338.29,1.9835562908033353,5.3737046011234,hold,0.0,0.0,1.0724092922301143
2025-07-16 08:00:00,3342.14,1.9107157650141744,4.681106833901555,hold,0.0,0.0,1.0724092922301143
2025-07-16 12:00:00,3334.58,1.2287955152933137,3.9906445701799065,hold,0.0,0.0,1.0724092922301143
2025-07-16 16:00:00,3349.02,1.8324329775882688,3.559002251661579,hold,0.0,0.0,1.0724092922301143
2025-07-16 20:00:00,3346.99,2.122548562263546,3.271711513781973,hold,0.0,0.0,1.0724092922301143
2025-07-17 00:00:00,3340.9,1.8398465438490348,2.9853385197953854,hold,0.0,0.0,1.0724092922301143
2025-07-17 04:00:00,3342.65,1.7369905859022765,2.735668933016764,hold,0.0,0.0,1.0724092922301143
2025-07-17 08:00:00,3328.85,0.5357559682975079,2.295686340072913,hold,0.0,0.0,1.0724092922301143
2025-07-17 12:00:00,3313.07,-1.670291164792161,1.5024908390998981,hold,0.0,0.0,1.0724092922301143
2025-07-17 16:00:00,3338.86,-1.3223190763037564,0.9375288560191672,hold,0.0,0.0,1.0724092922301143
2025-07-17 20:00:00,3338.1,-1.0952489890109973,0.5309732870131344,hold,0.0,0.0,1.0724092922301143
2025-07-18 00:00:00,3339.87,-0.7636670233086988,0.27204522494876776,hold,0.0,0.0,1.0724092922301143
2025-07-18 04:00:00,3337.01,-0.7233259729914607,0.07297098536072205,hold,0.0,0.0,1.0724092922301143
2025-07-18 08:00:00,3347.43,0.14774836526839863,0.08792646134225737,buy,0.0,0.002397355716644541,1.074980238777425
2025-07-18 12:00:00,3359.98,1.8296698739877684,0.43627514387135957,hold,0.0,0.0,1.074980238777425
2025-07-18 16:00:00,3353.69,2.624797325275267,0.8739795801521411,hold,0.0,0.0,1.074980238777425
2025-07-18 20:00:00,3350.85,2.9912955013514875,1.2974427643920103,hold,0.0,0.0,1.074980238777425
2025-07-21 00:00:00,3352.27,3.357625462649594,1.709479304043527,hold,0.0,0.0,1.074980238777425
2025-07-21 04:00:00,3357.79,4.04671445839449,2.17692633491372,hold,0.0,0.0,1.074980238777425
2025-07-21 08:00:00,3365.92,5.189029603682684,2.7793469886675126,hold,0.0,0.0,1.074980238777425
2025-07-21 12:00:00,3387.2,7.722421474165458,3.767961885767102,hold,0.0,0.0,1.074980238777425
2025-07-21 16:00:00,3395.63,10.29174648409753,5.072718805433188,hold,0.0,0.0,1.074980238777425
2025-07-21 20:00:00,3397.41,12.329459851034699,6.5240670145534905,hold,0.0,0.0,1.074980238777425
2025-07-22 00:00:00,3394.58,13.559697276970837,7.93119306703696,hold,0.0,0.0,1.074980238777425
2025-07-22 04:00:00,3391.08,14.089829764220212,9.162920406473612,hold,0.0,0.0,1.074980238777425
2025-07-22 08:00:00,3389.0,14.178681943526954,10.166072713884281,hold,0.0,0.0,1.074980238777425
2025-07-22 12:00:00,3407.63,15.572868899468176,11.247431951001062,hold,0.0,0.0,1.074980238777425
2025-07-22 16:00:00,3432.2,18.447712025638793,12.687487965928607,hold,0.0,0.0,1.074980238777425
2025-07-22 20:00:00,3429.58,20.280848810808493,14.206160134904586,hold,0.0,0.0,1.074980238777425
2025-07-23 00:00:00,3428.85,21.427712687384428,15.650470645400555,hold,0.0,0.0,1.074980238777425
2025-07-23 04:00:00,3423.51,21.656079397666417,16.85159239585373,hold,0.0,0.0,1.074980238777425
2025-07-23 08:00:00,3428.4,21.978291727400574,17.8769322621631,hold,0.0,0.0,1.074980238777425
2025-07-23 12:00:00,3419.98,21.308591510213773,18.563264111773233,hold,0.0,0.0,1.074980238777425
2025-07-23 16:00:00,3387.36,17.938899414010848,18.438391172220758,sell,0.0,0.002339194966052433,1.077494827140579
2025-07-23 20:00:00,3388.1,15.153426695743747,17.781398276925355,hold,0.0,0.0,1.077494827140579
2025-07-24 00:00:00,3391.42,13.063230956979169,16.83776481293612,hold,0.0,0.0,1.077494827140579
2025-07-24 04:00:00,3382.82,10.590704598037973,15.58835276995649,hold,0.0,0.0,1.077494827140579
2025-07-24 08:00:00,3369.69,7.48544087410346,13.967770390785885,hold,0.0,0.0,1.077494827140579
2025-07-24 12:00:00,3353.39,3.6669528753045597,11.90760688768962,hold,0.0,0.0,1.077494827140579
2025-07-24 16:00:00,3366.99,1.7183716468975945,9.869759839531216,hold,0.0,0.0,1.077494827140579
2025-07-24 20:00:00,3367.5,0.21280662011804452,7.9383691956485825,hold,0.0,0.0,1.077494827140579
2025-07-25 00:00:00,3372.25,-0.5902748865619287,6.23264037920648,hold,0.0,0.0,1.077494827140579
2025-07-25 04:00:00,3361.01,-2.1093811965070017,4.564236064063785,hold,0.0,0.0,1.077494827140579
2025-07-25 08:00:00,3345.51,-4.51199290718796,2.7489902698134356,hold,0.0,0.0,1.077494827140579
2025-07-25 12:00:00,3340.79,-6.719486493537261,0.8552949171432962,hold,0.0,0.0,1.077494827140579
2025-07-25 16:00:00,3329.68,-9.258696722231434,-1.16750341073165,hold,0.0,0.0,1.077494827140579
2025-07-25 20:00:00,3336.65,-10.586582836197522,-3.0513192958248245,hold,0.0,0.0,1.077494827140579
2025-07-28 00:00:00,3333.38,-11.767159331912353,-4.794487303042331,hold,0.0,0.0,1.077494827140579
2025-07-28 04:00:00,3339.65,-12.057842804829306,-6.247158403399727,hold,0.0,0.0,1.077494827140579
2025-07-28 08:00:00,3335.98,-12.440938485264724,-7.485914419772727,hold,0.0,0.0,1.077494827140579
2025-07-28 12:00:00,3328.46,-13.19919363677127,-8.628570263172437,hold,0.0,0.0,1.077494827140579
2025-07-28 16:00:00,3312.25,-14.935955437675148,-9.890047298072979,hold,0.0,0.0,1.077494827140579
2025-07-28 20:00:00,3314.78,-15.924632570147878,-11.096964352487959,hold,0.0,0.0,1.077494827140579
2025-07-29 00:00:00,3311.66,-16.766648755758524,-12.230901233142072,hold,0.0,0.0,1.077494827140579
2025-07-29 04:00:00,3316.55,-16.845189656099592,-13.153758917733576,hold,0.0,0.0,1.077494827140579
2025-07-29 08:00:00,3326.42,-15.927406148889986,-13.70848836396486,hold,0.0,0.0,1.077494827140579
2025-07-29 12:00:00,3323.26,-15.27891586661599,-14.022573864495085,hold,0.0,0.0,1.077494827140579
2025-07-29 16:00:00,3323.12,-14.607888826468297,-14.139636856889727,hold,0.0,0.0,1.077494827140579
2025-07-29 20:00:00,3325.5,-13.725826173059886,-14.05687472012376,buy,0.33333333333333326,0.0012418048901835514,1.07883286548607
2025-07-30 00:00:00,3330.21,-12.502605277391012,-13.746020831577212,hold,0.0,0.0008024587335596266,1.0796985843410303
2025-07-30 04:00:00,3327.21,-11.641077734888768,-13.325032212239524,hold,0.0,0.0,1.0796985843410303
2025-07-30 08:00:00,3332.23,-10.432974073556124,-12.746620584502844,hold,0.0,0.0,1.0796985843410303
2025-07-30 12:00:00,3313.36,-10.872858964836269,-12.371868260569531,hold,0.0,0.0,1.0796985843410303
2025-07-30 16:00:00,3298.06,-12.31410372051323,-12.360315352558272,hold,0.0,0.0,1.0796985843410303
2025-07-30 20:00:00,3275.86,-15.073892589257412,-12.9030307998981,sell,0.0,0.002425668423254883,1.0823175751036993
2025-07-31 00:00:00,3286.34,-16.228326687683875,-13.568089977455255,hold,0.0,0.0,1.0823175751036993
2025-07-31 04:00:00,3298.17,-16.004155947844538,-14.055303171533112,hold,0.0,0.0,1.0823175751036993
2025-07-31 08:00:00,3310.04,-14.69924547135679,-14.184091631497848,hold,0.0,0.0,1.0823175751036993
2025-07-31 12:00:00,3307.59,-13.70480853996196,-14.08823501319067,buy,0.0,-0.0015105557636765719,1.080682674052498
2025-07-31 16:00:00,3295.03,-13.771448453656376,-14.024877701283812,hold,0.0,0.0,1.080682674052498
2025-07-31 20:00:00,3290.68,-14.013728175739743,-14.022647796174999,hold,0.0,0.0,1.080682674052498
2025-08-01 00:00:00,3290.25,-14.078149859130008,-14.033748208766003,sell,-0.6666666666666666,0.0004922994639405392,1.0812146935536238
2025-08-01 04:00:00,3292.07,-13.823002746582006,-13.991599116329205,buy,0.0,0.001620738975936078,1.082967060348821
2025-08-01 08:00:00,3294.26,-13.290873211149119,-13.851453935293188,hold,0.0,0.0,1.082967060348821
2025-08-01 12:00:00,3341.26,-8.973211914600142,-12.87580553115458,hold,0.0,0.0,1.082967060348821
2025-08-01 16:00:00,3347.28,-5.007942102038214,-11.302232845331307,hold,0.0,0.0,1.082967060348821
2025-08-01 20:00:00,3363.23,-0.5718139913183222,-9.156149074528711,hold,0.0,0.0,1.082967060348821
2025-08-04 00:00:00,3352.18,2.0288198731072953,-6.91915528500151,hold,0.0,0.0,1.082967060348821
2025-08-04 04:00:00,3358.97,4.584885494829905,-4.618347129035227,hold,0.0,0.0,1.082967060348821
2025-08-04 08:00:00,3358.43,6.492174679998698,-2.3962427672284425,hold,0.0,0.0,1.082967060348821
2025-08-04 12:00:00,3367.78,8.65837361789454,-0.18531949020384597,hold,0.0,0.0,1.082967060348821
2025-08-04 16:00:00,3370.96,10.510542317181716,1.9538528712732666,hold,0.0,0.0,1.082967060348821
2025-08-04 20:00:00,3374.01,12.085198223265252,3.9801219416716638,hold,0.0,0.0,1.082967060348821
2025-08-05 00:00:00,3379.81,13.64385799899128,5.912869153135587,hold,0.0,0.0,1.082967060348821
2025-08-05 04:00:00,3371.16,14.019516136680068,7.534198549844483,hold,0.0,0.0,1.082967060348821
2025-08-05 08:00:00,3366.09,13.749624180320097,8.777283675939607,hold,0.0,0.0,1.082967060348821
2025-08-05 12:00:00,3366.08,13.380681773709966,9.697963295493679,hold,0.0,0.0,1.082967060348821
2025-08-05 16:00:00,3382.06,14.213895765411962,10.601149789477336,hold,0.0,0.0,1.082967060348821
2025-08-05 20:00:00,3380.47,14.577879425401534,11.396495716662177,hold,0.0,0.0,1.082967060348821
2025-08-06 00:00:00,3383.44,14.933845205445323,12.103965614418806,hold,0.0,0.0,1.082967060348821
2025-08-06 04:00:00,3372.42,14.163461184620246,12.515864728459096,hold,0.0,0.0,1.082967060348821
2025-08-06 08:00:00,3365.13,12.81693853372144,12.576079489511566,hold,0.0,0.0,1.082967060348821
2025-08-06 12:00:00,3367.59,11.812147983488103,12.423293188306875,sell,-0.33333333333333326,0.0007468755540895144,1.0837759019720798
2025-08-06 16:00:00,3376.05,11.565179341755993,12.2516704189967,hold,0.0,0.00047546454371749685,1.084291198986803
2025-08-06 20:00:00,3368.4,10.629632065848455,11.927262748367053,hold,0.0,0.0,1.084291198986803
2025-08-07 00:00:00,3372.4,10.094606341808685,11.56073146705538,hold,0.0,0.0,1.084291198986803
2025-08-07 04:00:00,3377.57,9.972810046999257,11.243147183044156,hold,0.0,0.0,1.084291198986803
2025-08-07 08:00:00,3378.09,9.805216824034233,10.955561111242172,hold,0.0,0.0,1.084291198986803
2025-08-07 12:00:00,3380.81,9.779151286679735,10.720279146329686,hold,0.0,0.0,1.084291198986803
2025-08-07 16:00:00,3388.83,10.287058329645333,10.633634982992815,hold,0.0,0.0,1.084291198986803
2025-08-07 20:00:00,3395.84,11.126962043311323,10.732300395056516,buy,0.0,0.0023606967596486103,1.0868508817067666
2025-08-08 00:00:00,3389.93,11.186750285718517,10.823190373188917,hold,0.0,0.0,1.0868508817067666
2025-08-08 04:00:00,3394.3,11.454712580644355,10.949494814680005,hold,0.0,0.0,1.0868508817067666
2025-08-08 08:00:00,3394.36,11.538902839282855,11.067376419600576,hold,0.0,0.0,1.0868508817067666
2025-08-08 12:00:00,3391.49,11.244420530931166,11.102785241866695,hold,0.0,0.0,1.0868508817067666
2025-08-08 16:00:00,3397.56,11.3697757533796,11.156183344169277,hold,0.0,0.0,1.0868508817067666
2025-08-08 20:00:00,3397.14,11.304914166940762,11.185929508723575,hold,0.0,0.0,1.0868508817067666
2025-08-11 00:00:00,3381.59,9.884809913554818,10.925705589689825,sell,0.0,0.0023549220815156278,1.0894103308474126
2025-08-11 04:00:00,3375.9,8.205642080690268,10.381692887889914,hold,0.0,0.0,1.0894103308474126
2025-08-11 08:00:00,3361.9,5.679734039777486,9.441301118267429,hold,0.0,0.0,1.0894103308474126
2025-08-11 12:00:00,3356.85,3.233170941743083,8.19967508296256,hold,0.0,0.0,1.0894103308474126
2025-08-11 16:00:00,3344.09,0.26161101089837757,6.612062268549725,hold,0.0,0.0,1.0894103308474126
2025-08-11 20:00:00,3342.29,-2.213105299716517,4.847028754896477,hold,0.0,0.0,1.0894103308474126
2025-08-12 00:00:00,3354.47,-3.1551410952165497,3.2465947848738717,hold,0.0,0.0,1.0894103308474126
2025-08-12 04:00:00,3354.4,-3.8628313498643365,1.82470955792623,hold,0.0,0.0,1.0894103308474126
2025-08-12 08:00:00,3347.91,-4.890989454219834,0.4815697554970172,hold,0.0,0.0,1.0894103308474126
2025-08-12 12:00:00,3349.98,-5.475660453880209,-0.7098762863784283,hold,0.0,0.0,1.0894103308474126
2025-08-12 16:00:00,3349.47,-5.9120190951657605,-1.7503048481358947,hold,0.0,0.0,1.0894103308474126
2025-08-12 20:00:00,3348.28,-6.281450861469693,-2.6565340508026547,hold,0.0,0.0,1.0894103308474126
2025-08-13 00:00:00,3343.55,-6.8766301557366205,-3.500553271789448,hold,0.0,0.0,1.0894103308474126
2025-08-13 04:00:00,3351.84,-6.603262022689705,-4.1210950219694995,hold,0.0,0.0,1.0894103308474126
2025-08-13 08:00:00,3360.19,-5.647736995115338,-4.426423416598667,hold,0.0,0.0,1.0894103308474126
2025-08-13 12:00:00,3358.03,-5.007052292655317,-4.542549191809997,hold,0.0,0.0,1.0894103308474126
2025-08-13 16:00:00,3357.92,-4.456805847222313,-4.52540052289246,buy,0.0,0.002382349174962701,1.0920056866503027
2025-08-13 20:00:00,3355.97,-4.1304668276125085,-4.44641378383647,hold,0.0,0.0,1.0920056866503027
2025-08-14 00:00:00,3369.61,-2.739626093415154,-4.105056245752207,hold,0.0,0.0,1.0920056866503027
2025-08-14 04:00:00,3360.44,-2.3502252208286336,-3.754090040767493,hold,0.0,0.0,1.0920056866503027
2025-08-14 08:00:00,3346.17,-3.1567034520408015,-3.6346127230221548,hold,0.0,0.0,1.0920056866503027
2025-08-14 12:00:00,3350.58,-3.400790915788093,-3.5878483615753423,hold,0.0,0.0,1.0920056866503027
2025-08-14 16:00:00,3334.38,-4.845579772959354,-3.839394643852145,sell,0.0,0.002387646317950922,1.0946130100072147
2025-08-14 20:00:00,3334.75,-5.892800902960516,-4.250075895673819,hold,0.0,0.0,1.0946130100072147
2025-08-15 00:00:00,3337.25,-6.4466886725858785,-4.689398451056231,hold,0.0,0.0,1.0946130100072147
2025-08-15 04:00:00,3345.47,-6.151453293544364,-4.9818094195538585,hold,0.0,0.0,1.0946130100072147
2025-08-15 08:00:00,3341.22,-6.189072830836267,-5.223262101810341,hold,0.0,0.0,1.0946130100072147
2025-08-15 12:00:00,3342.65,-6.033942008705253,-5.385398083189323,hold,0.0,0.0,1.0946130100072147
2025-08-15 16:00:00,3338.22,-6.197028207790936,-5.547724108109646,hold,0.0,0.0,1.0946130100072147
2025-08-15 20:00:00,3336.08,-6.424893142028395,-5.723157914893396,hold,0.0,0.0,1.0946130100072147
2025-08-18 00:00:00,3340.67,-6.164047798288266,-5.81133589157237,hold,0.0,0.0,1.0946130100072147
2025-08-18 04:00:00,3357.53,-4.544478964323389,-5.557964506122574,buy,0.0,0.0023947292010285362,1.0972343117461045
2025-08-18 08:00:00,3348.65,-3.9321731375493982,-5.232806232407939,hold,0.0,0.0,1.0972343117461045
2025-08-18 12:00:00,3344.63,-3.7283190209886925,-4.931908790124091,hold,0.0,0.0,1.0972343117461045
2025-08-18 16:00:00,3334.31,-4.3493641544978345,-4.81539986299884,hold,0.0,0.0,1.0972343117461045
2025-08-18 20:00:00,3332.89,-4.899648926854297,-4.832249675769932,sell,-0.6666666666666666,0.0006837996467035194,1.0979846001808276
2025-08-19 00:00:00,3335.15,-5.094662364719625,-4.884732213559871,hold,0.0,0.0015995313373181655,1.0997408609567096
2025-08-19 04:00:00,3337.68,-4.987568478548383,-4.905299466557573,hold,0.0,0.0,1.0997408609567096
2025-08-19 08:00:00,3338.0,-4.821297559427876,-4.888499085131634,buy,0.6666666666666666,0.0004633957319655584,1.100250476177945
2025-08-19 12:00:00,3334.73,-4.896939459724308,-4.890187160050169,sell,0.33333333333333326,0.0002726757788969472,1.1005504878335186
2025-08-19 16:00:00,3317.45,-6.2788590173959165,-5.167921531519319,hold,0.0,0.00047937489513675977,1.1010780641082165
2025-08-19 20:00:00,3315.6,-7.437583924205228,-5.621854010056501,hold,0.0,0.0,1.1010780641082165
2025-08-20 00:00:00,3315.99,-8.229546926130752,-6.143392593271352,hold,0.0,0.0,1.1010780641082165
2025-08-20 04:00:00,3318.69,-8.540862133608698,-6.622886501338821,hold,0.0,0.0,1.1010780641082165
2025-08-20 08:00:00,3324.89,-8.192851402902306,-6.936879481651519,hold,0.0,0.0,1.1010780641082165
2025-08-20 12:00:00,3342.9,-6.3901324383564315,-6.827530072992501,buy,0.0,0.0024060946377173383,1.1037273621339756
2025-08-20 16:00:00,3345.11,-4.72862746683586,-6.407749551761174,hold,0.0,0.0,1.1037273621339756
2025-08-20 20:00:00,3347.8,-3.1584041704390984,-5.7578804754967585,hold,0.0,0.0,1.1037273621339756
2025-08-21 00:00:00,3342.3,-2.330925471888804,-5.072489474775168,hold,0.0,0.0,1.1037273621339756
2025-08-21 04:00:00,3338.27,-1.9775341784734337,-4.453498415514821,hold,0.0,0.0,1.1037273621339756
2025-08-21 08:00:00,3339.62,-1.5704323482646032,-3.876885202064778,hold,0.0,0.0,1.1037273621339756
2025-08-21 12:00:00,3341.96,-1.0469145912834392,-3.3108910799085103,hold,0.0,0.0,1.1037273621339756
2025-08-21 16:00:00,3339.73,-0.8027121937479933,-2.8092553026764073,hold,0.0,0.0,1.1037273621339756
2025-08-21 20:00:00,3338.44,-0.7051437946106489,-2.3884330010632557,hold,0.0,0.0,1.1037273621339756
2025-08-22 00:00:00,3339.55,-0.5321184813878972,-2.0171700971281843,hold,0.0,0.0,1.1037273621339756
2025-08-22 04:00:00,3328.45,-1.2759633957416554,-1.8689287568508788,hold,0.0,0.0,1.1037273621339756
2025-08-22 08:00:00,3328.77,-1.8186799138738934,-1.8588789882554817,hold,0.0,0.0,1.1037273621339756
2025-08-22 12:00:00,3323.51,-2.6427606056990953,-2.0156553117442044,sell,-0.33333333333333326,0.0015280919578903116,1.105413959039756
2025-08-22 16:00:00,3370.6,0.49817629507288075,-1.5128889903807874,buy,0.0,0.00048065802083053507,1.1059452851255065
2025-08-22 20:00:00,3371.86,3.0538598920293225,-0.5995392138987654,hold,0.0,0.0,1.1059452851255065
2025-08-25 00:00:00,3364.86,4.462969719935245,0.4129625728680367,hold,0.0,0.0,1.1059452851255065
2025-08-25 04:00:00,3366.08,5.613435029891207,1.4530570642726708,hold,0.0,0.0,1.1059452851255065
2025-08-25 08:00:00,3363.94,6.280113719686142,2.418468395355365,hold,0.0,0.0,1.1059452851255065
2025-08-25 12:00:00,3364.5,6.775544445655214,3.2898836054153353,hold,0.0,0.0,1.1059452851255065
2025-08-25 16:00:00,3373.81,7.829166302802605,4.19774014489279,hold,0.0,0.0,1.1059452851255065
2025-08-25 20:00:00,3365.73,7.920873839851993,4.94236688388463,hold,0.0,0.0,1.1059452851255065
2025-08-26 00:00:00,3383.26,9.300862664151282,5.814066039937961,hold,0.0,0.0,1.1059452851255065
2025-08-26 04:00:00,3377.34,9.803807040293123,6.612014240008993,hold,0.0,0.0,1.1059452851255065
2025-08-26 08:00:00,3376.62,10.02869158524436,7.295349709056067,hold,0.0,0.0,1.1059452851255065
2025-08-26 12:00:00,3371.94,9.717262763366307,7.779732319918115,hold,0.0,0.0,1.1059452851255065
2025-08-26 16:00:00,3382.99,10.244009267440106,8.272587709422513,hold,0.0,0.0,1.1059452851255065
2025-08-26 20:00:00,3392.96,11.3352891863874,8.885128004815492,hold,0.0,0.0,1.1059452851255065
2025-08-27 00:00:00,3389.62,11.794664744692,9.467035352790795,hold,0.0,0.0,1.1059452851255065
2025-08-27 04:00:00,3374.99,10.85309670923607,9.74424762407985,hold,0.0,0.0,1.1059452851255065
2025-08-27 08:00:00,3384.53,10.752744582207015,9.945947015705284,hold,0.0,0.0,1.1059452851255065
2025-08-27 12:00:00,3381.13,10.280357649836787,10.012829142531587,hold,0.0,0.0,1.1059452851255065
2025-08-27 16:00:00,3395.44,10.934637316500357,10.197190777325341,hold,0.0,0.0,1.1059452851255065
2025-08-27 20:00:00,3397.38,11.477396174239402,10.453231856708154,hold,0.0,0.0,1.1059452851255065
2025-08-28 00:00:00,3392.0,11.342664268773206,10.631118339121164,hold,0.0,0.0,1.1059452851255065
2025-08-28 04:00:00,3390.15,10.960265604732285,10.696947792243389,hold,0.0,0.0,1.1059452851255065
2025-08-28 08:00:00,3400.72,11.378953083279157,10.833348850450543,hold,0.0,0.0,1.1059452851255065
2025-08-28 12:00:00,3396.98,11.278962326205601,10.922471545601555,hold,0.0,0.0,1.1059452851255065
2025-08-28 16:00:00,3415.51,12.550263444439679,11.248029925369181,hold,0.0,0.0,1.1059452851255065
2025-08-28 20:00:00,3417.36,13.550852486423537,11.708594437580052,hold,0.0,0.0,1.1059452851255065
2025-08-29 00:00:00,3413.46,13.86925298955748,12.140726147975538,hold,0.0,0.0,1.1059452851255065
2025-08-29 04:00:00,3408.85,13.592908620336857,12.431162642447804,hold,0.0,0.0,1.1059452851255065
2025-08-29 08:00:00,3410.35,13.341152677268383,12.61316064941192,hold,0.0,0.0,1.1059452851255065
2025-08-29 12:00:00,3416.49,13.481672634382448,12.786863046406026,hold,0.0,0.0,1.1059452851255065
2025-08-29 16:00:00,3449.17,16.045080889849487,13.43850661509472,hold,0.0,0.0,1.1059452851255065
2025-08-29 20:00:00,3448.16,17.790029455929016,14.30881118326158,hold,0.0,0.0,1.1059452851255065
2025-09-01 00:00:00,3444.12,18.632139820168504,15.173476910642965,hold,0.0,0.0,1.1059452851255065
2025-09-01 04:00:00,3475.07,21.54852668878766,16.448486866271903,hold,0.0,0.0,1.1059452851255065
2025-09-01 08:00:00,3477.01,23.74263575464238,17.907316643945997,hold,0.0,0.0,1.1059452851255065
2025-09-01 12:00:00,3469.47,24.58961424493191,19.24377616414318,hold,0.0,0.0,1.1059452851255065
2025-09-01 16:00:00,3477.35,25.601581845643523,20.51533730044325,hold,0.0,0.0,1.1059452851255065
2025-09-01 20:00:00,3476.37,26.024501397817403,21.617170119918082,hold,0.0,0.0,1.1059452851255065
2025-09-02 00:00:00,3479.26,26.289814421340452,22.55169898020256,hold,0.0,0.0,1.1059452851255065
2025-09-02 04:00:00,3496.77,27.594890842376117,23.56033735263727,hold,0.0,0.0,1.1059452851255065
2025-09-02 08:00:00,3477.59,26.77288643330303,24.202847168770422,hold,0.0,0.0,1.1059452851255065
2025-09-02 12:00:00,3482.15,26.18752244974621,24.59978222496558,hold,0.0,0.0,1.1059452851255065
2025-09-02 16:00:00,3527.7,29.06408887345833,25.49264355466413,hold,0.0,0.0,1.1059452851255065
2025-09-02 20:00:00,3534.4,31.521067252452212,26.69832829422175,hold,0.0,0.0,1.1059452851255065
2025-09-03 00:00:00,3536.09,33.221650686109115,28.00299277259922,hold,0.0,0.0,1.1059452851255065
2025-09-03 04:00:00,3536.87,34.23764453656895,29.24992312539317,hold,0.0,0.0,1.1059452851255065
2025-09-03 08:00:00,3540.07,34.898749182523716,30.37968833681928,hold,0.0,0.0,1.1059452851255065
2025-09-03 12:00:00,3550.4,35.843047703627235,31.472360210180874,hold,0.0,0.0,1.1059452851255065
2025-09-03 16:00:00,3572.45,37.93338930616028,32.76456602937676,hold,0.0,0.0,1.1059452851255065
2025-09-03 20:00:00,3560.62,38.195128290410594,33.85067848158353,hold,0.0,0.0,1.1059452851255065
2025-09-04 00:00:00,3561.58,38.04150352547367,34.68884349036156,hold,0.0,0.0,1.1059452851255065
2025-09-04 04:00:00,3533.07,35.2133188404041,34.79373856037007,hold,0.0,0.0,1.1059452851255065
2025-09-04 08:00:00,3541.25,33.24874885819372,34.484740619934804,sell,0.0,0.002264319699298344,1.1084494988209623
2025-09-04 12:00:00,3548.33,31.895439056083887,33.96688030716462,hold,0.0,0.0,1.1084494988209623
2025-09-04 16:00:00,3552.54,30.80751326746713,33.33500689922513,hold,0.0,0.0,1.1084494988209623
2025-09-04 20:00:00,3545.39,29.03369661521765,32.47474484242363,hold,0.0,0.0,1.1084494988209623
2025-09-05 00:00:00,3552.11,27.84915426242742,31.549626726424393,hold,0.0,0.0,1.1084494988209623
2025-09-05 04:00:00,3558.47,27.111075162521047,30.661916413643723,hold,0.0,0.0,1.1084494988209623
2025-09-05 08:00:00,3546.04,25.232282988377847,29.57598972859055,hold,0.0,0.0,1.1084494988209623
2025-09-05 12:00:00,3580.24,26.200952561474878,28.900982295167417,hold,0.0,0.0,1.1084494988209623
2025-09-05 16:00:00,3595.25,27.858674277588307,28.692520691651595,hold,0.0,0.0,1.1084494988209623
2025-09-05 20:00:00,3587.37,28.211377339755927,28.596292021272465,hold,0.0,0.0,1.1084494988209623
2025-09-08 00:00:00,3594.17,28.708664612510802,28.61876653952013,buy,0.0,0.0022300459668224914,1.1109213921552346
2025-09-08 04:00:00,3581.54,27.76359151153565,28.447731533923236,sell,0.0,0.0022258268251084397,1.1133941107904806
2025-09-08 08:00:00,3611.36,29.08555883685085,28.57529699450876,buy,0.0,0.0022336760164621923,1.1158810725126236
2025-09-08 12:00:00,3624.2,30.814102367090527,29.023058069025115,hold,0.0,0.0,1.1158810725126236
2025-09-08 16:00:00,3640.59,33.12468088944843,29.84338263310978,hold,0.0,0.0,1.1158810725126236
2025-09-08 20:00:00,3636.76,34.251946901102656,30.725095486708355,hold,0.0,0.0,1.1158810725126236
2025-09-09 00:00:00,3638.58,34.8899821307341,31.558072815513505,hold,0.0,0.0,1.1158810725126236
2025-09-09 04:00:00,3655.06,36.30690452282988,32.50783915697678,hold,0.0,0.0,1.1158810725126236
2025-09-09 08:00:00,3648.18,36.45444309757386,33.2971599450962,hold,0.0,0.0,1.1158810725126236
2025-09-09 12:00:00,3647.48,36.09876029319821,33.8574800147166,hold,0.0,0.0,1.1158810725126236
2025-09-09 16:00:00,3644.96,35.20768390466219,34.12752079270572,hold,0.0,0.0,1.1158810725126236
2025-09-09 20:00:00,3626.23,32.61418891188168,33.82485441654091,sell,0.0,0.0021948114656950967,1.1183302210849264
2025-09-10 00:00:00,3623.93,30.027100938484637,33.065303720929656,hold,0.0,0.0,1.1183302210849264
2025-09-10 04:00:00,3643.0,29.179244538376224,32.288091884418975,hold,0.0,0.0,1.1183302210849264
2025-09-10 08:00:00,3645.8,28.40580440110216,31.511634387755613,hold,0.0,0.0,1.1183302210849264
2025-09-10 12:00:00,3644.05,27.336518773310672,30.67661126486663,hold,0.0,0.0,1.1183302210849264
2025-09-10 16:00:00,3642.88,26.093898765516315,29.760068764996568,hold,0.0,0.0,1.1183302210849264
2025-09-10 20:00:00,3640.55,24.63710076777943,28.73547516555314,hold,0.0,0.0,1.1183302210849264
2025-09-11 00:00:00,3643.91,23.483004322056786,27.684980996853874,hold,0.0,0.0,1.1183302210849264
2025-09-11 04:00:00,3630.63,21.251811900797293,26.39834717764256,hold,0.0,0.0,1.1183302210849264
2025-09-11 08:00:00,3626.2,18.908150466468214,24.90030783540769,hold,0.0,0.0,1.1183302210849264
2025-09-11 12:00:00,3628.92,17.073451046792343,23.33493647768462,hold,0.0,0.0,1.1183302210849264
2025-09-11 16:00:00,3636.18,16.020584537965988,21.872066089740898,hold,0.0,0.0,1.1183302210849264
2025-09-11 20:00:00,3633.91,14.832035740019819,20.464060019796683,hold,0.0,0.0,1.1183302210849264
2025-09-12 00:00:00,3636.57,13.944004223224056,19.16004886048216,hold,0.0,0.0,1.1183302210849264
2025-09-12 04:00:00,3654.91,14.552366946836628,18.238512477753055,hold,0.0,0.0,1.1183302210849264
2025-09-12 08:00:00,3641.08,13.75991760554416,17.342793503311277,hold,0.0,0.0,1.1183302210849264
2025-09-12 12:00:00,3645.38,13.32526450218893,16.539287703086806,hold,0.0,0.0,1.1183302210849264
2025-09-12 16:00:00,3649.17,13.13520563771226,15.858471290011899,hold,0.0,0.0,1.1183302210849264
2025-09-12 20:00:00,3642.6,12.312507602721325,15.149278552553785,hold,0.0,0.0,1.1183302210849264
2025-09-15 00:00:00,3633.35,10.789738400346778,14.277370522112385,hold,0.0,0.0,1.1183302210849264
2025-09-15 04:00:00,3645.6,10.450933601901397,13.512083138070187,hold,0.0,0.0,1.1183302210849264
2025-09-15 08:00:00,3645.47,10.056018918196969,12.820870294095544,hold,0.0,0.0,1.1183302210849264
2025-09-15 12:00:00,3650.32,10.018908907679815,12.2604780168124,hold,0.0,0.0,1.1183302210849264
2025-09-15 16:00:00,3679.18,12.177880735249346,12.243958560499788,hold,0.0,0.0,1.1183302210849264
2025-09-15 20:00:00,3678.66,13.689122130237138,12.532991274447259,buy,1.0,-0.00014133584113851239,1.1181721609424589
2025-09-16 00:00:00,3686.43,15.336970834227486,13.093787186403306,hold,0.33333333333333326,0.0016100596994185197,1.119972484875804
2025-09-16 04:00:00,3684.35,16.287314168303965,13.73249258278344,hold,0.0,0.0007247991853257156,1.120784240020429
2025-09-16 08:00:00,3694.34,17.64319781559061,14.514633629344875,hold,0.0,0.0,1.120784240020429
2025-09-16 12:00:00,3689.23,18.09680240744683,15.231067384965266,hold,0.0,0.0,1.120784240020429
2025-09-16 16:00:00,3689.78,18.289833897847075,15.842820687541629,hold,0.0,0.0,1.120784240020429
2025-09-16 20:00:00,3689.69,18.225458753313433,16.319348300695992,hold,0.0,0.0,1.120784240020429
2025-09-17 00:00:00,3691.55,18.11570091923977,16.678618824404747,hold,0.0,0.0,1.120784240020429
2025-09-17 04:00:00,3680.77,16.963318560130574,16.73555877154991,hold,0.0,0.0,1.120784240020429
2025-09-17 08:00:00,3664.84,14.596371486069529,16.307721314453836,sell,0.0,0.002173458270959609,1.1232202177968627
2025-09-17 12:00:00,3678.68,13.679630941023788,15.782103239767828,hold,0.0,0.0,1.1232202177968627
2025-09-17 16:00:00,3684.7,13.28572161438069,15.282826914690402,hold,0.0,0.0,1.1232202177968627
2025-09-17 20:00:00,3659.79,10.83857645402668,14.393976822557658,hold,0.0,0.0,1.1232202177968627
2025-09-18 00:00:00,3665.2,9.229347893019167,13.361051036649961,hold,0.0,0.0,1.1232202177968627
2025-09-18 04:00:00,3653.7,6.94599961424683,12.078040752169336,hold,0.0,0.0,1.1232202177968627
2025-09-18 08:00:00,3665.53,6.021598545530651,10.8667523108416,hold,0.0,0.0,1.1232202177968627
2025-09-18 12:00:00,3663.33,5.053231912826959,9.704048231238673,hold,0.0,0.0,1.1232202177968627
2025-09-18 16:00:00,3646.56,2.899175640334306,8.3430737130578,hold,0.0,0.0,1.1232202177968627
2025-09-18 20:00:00,3644.31,0.99899849646863,6.874258669739966,hold,0.0,0.0,1.1232202177968627
2025-09-19 00:00:00,3640.05,-0.8409579381436743,5.331215348163238,hold,0.0,0.0,1.1232202177968627
2025-09-19 04:00:00,3658.89,-0.7700296981606698,4.110966338898457,hold,0.0,0.0,1.1232202177968627
2025-09-19 08:00:00,3655.69,-0.9609545278240148,3.096582165553963,hold,0.0,0.0,1.1232202177968627
2025-09-19 12:00:00,3649.23,-1.6149160949071302,2.1542825134617445,hold,0.0,0.0,1.1232202177968627
2025-09-19 16:00:00,3668.29,-0.5884197033633427,1.605742070096727,hold,0.0,0.0,1.1232202177968627
2025-09-19 20:00:00,3685.07,1.5610964974571289,1.5968129555688075,hold,0.0,0.0,1.1232202177968627
2025-09-22 00:00:00,3690.62,3.670135156247852,2.011477395704617,buy,0.33333333333333326,0.0014065766276714284,1.1248001131029437
2025-09-22 04:00:00,3692.2,5.406730855799651,2.690528087723624,hold,0.0,0.000723640708769892,1.125614064254014
2025-09-22 08:00:00,3720.43,8.957662177605016,3.943954905699903,hold,0.0,0.0,1.125614064254014
2025-09-22 12:00:00,3721.62,11.732578031695994,5.501679530899121,hold,0.0,0.0,1.125614064254014
2025-09-22 16:00:00,3737.14,15.011015489667898,7.403546722652877,hold,0.0,0.0,1.125614064254014
2025-09-22 20:00:00,3746.63,18.16556317907998,9.555950013938299,hold,0.0,0.0,1.125614064254014
2025-09-23 00:00:00,3747.25,20.47951862600894,11.740663736352428,hold,0.0,0.0,1.125614064254014
2025-09-23 04:00:00,3744.78,21.862024818035934,13.764935952689129,hold,0.0,0.0,1.125614064254014
2025-09-23 08:00:00,3774.31,25.051714571697175,16.022291676490738,hold,0.0,0.0,1.125614064254014
2025-09-23 12:00:00,3784.29,28.06139498186849,18.43011233756629,hold,0.0,0.0,1.125614064254014
2025-09-23 16:00:00,3779.16,29.690387953007303,20.68216746065449,hold,0.0,0.0,1.125614064254014
2025-09-23 20:00:00,3764.02,29.420563210133423,22.42984661055028,hold,0.0,0.0,1.125614064254014
2025-09-24 00:00:00,3765.23,28.970409201212988,23.73795912868282,hold,0.0,0.0,1.125614064254014
2025-09-24 04:00:00,3768.23,28.52689356230121,24.6957460154065,hold,0.0,0.0,1.125614064254014
2025-09-24 08:00:00,3770.12,28.005086226261483,25.357614057577496,hold,0.0,0.0,1.125614064254014
2025-09-24 12:00:00,3768.04,27.11119060712781,25.70832936748756,hold,0.0,0.0,1.125614064254014
2025-09-24 16:00:00,3735.83,23.532426910004233,25.273148875990895,sell,0.0,0.002123119712104967,1.1280038776620542
2025-09-24 20:00:00,3735.85,20.461971854879266,24.310913471768572,hold,0.0,0.0,1.1280038776620542
2025-09-25 00:00:00,3748.99,18.871364938700026,23.223003765154864,hold,0.0,0.0,1.1280038776620542
2025-09-25 04:00:00,3738.09,16.540588979429685,21.88652080800983,hold,0.0,0.0,1.1280038776620542
2025-09-25 08:00:00,3756.38,15.985017057158075,20.70622005783948,hold,0.0,0.0,1.1280038776620542
2025-09-25 12:00:00,3738.76,13.961990427946603,19.357374131860908,hold,0.0,0.0,1.1280038776620542
2025-09-25 16:00:00,3733.84,11.825408420126223,17.85098098951397,hold,0.0,0.0,1.1280038776620542
2025-09-25 20:00:00,3749.05,11.230019001803612,16.5267885919719,hold,0.0,0.0,1.1280038776620542
2025-09-26 00:00:00,3749.54,10.674656705376947,15.356362214652911,hold,0.0,0.0,1.1280038776620542
2025-09-26 04:00:00,3747.69,9.970316938029555,14.27915315932824,hold,0.0,0.0,1.1280038776620542
2025-09-26 08:00:00,3752.95,9.724463081127396,13.368215143688072,hold,0.0,0.0,1.1280038776620542
2025-09-26 12:00:00,3752.1,9.353216178071762,12.565215350564811,hold,0.0,0.0,1.1280038776620542
2025-09-26 16:00:00,3774.21,10.719524545443164,12.196077189540482,hold,0.0,0.0,1.1280038776620542
2025-09-26 20:00:00,3760.53,10.57655218887703,11.872172189407792,hold,0.0,0.0,1.1280038776620542
2025-09-29 00:00:00,3787.11,12.464348180868,11.990607387699834,buy,0.0,0.002127359707275304,1.1304035476610428
2025-09-29 04:00:00,3805.03,15.23086244033857,12.638658398227582,hold,0.0,0.0,1.1304035476610428
2025-09-29 08:00:00,3818.79,18.322452102996067,13.775417139181279,hold,0.0,0.0,1.1304035476610428
2025-09-29 12:00:00,3813.72,20.131390418720002,15.046611795089024,hold,0.0,0.0,1.1304035476610428
2025-09-29 16:00:00,3830.27,22.63946014848898,16.565181465769015,hold,0.0,0.0,1.1304035476610428
2025-09-29 20:00:00,3833.76,24.624877057584854,18.177120584132183,hold,0.0,0.0,1.1304035476610428
2025-09-30 00:00:00,3838.91,26.310603957217154,19.803817258749177,hold,0.0,0.0,1.1304035476610428
2025-09-30 04:00:00,3867.2,29.5882463548528,21.760703077969904,hold,0.0,0.0,1.1304035476610428
2025-09-30 08:00:00,3816.29,27.75781522644911,22.960125507665744,hold,0.0,0.0,1.1304035476610428
2025-09-30 12:00:00,3819.34,26.250693228680575,23.61823905186871,hold,0.0,0.0,1.1304035476610428
2025-09-30 16:00:00,3845.93,26.891886042637452,24.27296845002246,hold,0.0,0.0,1.1304035476610428
2025-09-30 20:00:00,3858.23,28.06898142630598,25.032171045279163,hold,0.0,0.0,1.1304035476610428
2025-10-01 00:00:00,3860.94,28.887515058224835,25.803239847868298,hold,0.0,0.0,1.1304035476610428
2025-10-01 04:00:00,3864.87,29.513118159492024,26.545215510193042,hold,0.0,0.0,1.1304035476610428
2025-10-01 08:00:00,3893.0,31.910919812513384,27.61835637065711,hold,0.0,0.0,1.1304035476610428
2025-10-01 12:00:00,3870.41,31.623830853341587,28.41945126719401,hold,0.0,0.0,1.1304035476610428
2025-10-01 16:00:00,3870.88,31.076010946830593,28.950763203121326,hold,0.0,0.0,1.1304035476610428
2025-10-01 20:00:00,3865.49,29.862693231509184,29.133149208798898,hold,0.0,0.0,1.1304035476610428
2025-10-02 00:00:00,3856.04,27.817926437664482,28.870104654572017,sell,0.0,0.002069595316505799,1.1327430255490436
2025-10-02 04:00:00,3864.24,26.55301881926607,28.40668748751083,hold,0.0,0.0,1.1327430255490436
2025-10-02 08:00:00,3874.61,26.086632294090577,27.94267644882678,hold,0.0,0.0,1.1327430255490436
2025-10-02 12:00:00,3884.37,26.20252168554407,27.59464549617024,hold,0.0,0.0,1.1327430255490436
2025-10-02 16:00:00,3844.93,22.84850315536596,26.645417028009387,hold,0.0,0.0,1.1327430255490436
2025-10-02 20:00:00,3856.19,20.858562675536177,25.48804615751475,hold,0.0,0.0,1.1327430255490436
2025-10-03 00:00:00,3856.91,19.11922397851231,24.214281721714265,hold,0.0,0.0,1.1327430255490436
2025-10-03 04:00:00,3843.98,16.507158344337313,22.672857046238875,hold,0.0,0.0,1.1327430255490436
2025-10-03 08:00:00,3864.78,15.931811669763192,21.324647970943737,hold,0.0,0.0,1.1327430255490436
2025-10-03 12:00:00,3873.77,16.016633372933484,20.263045051341688,hold,0.0,0.0,1.1327430255490436
2025-10-03 16:00:00,3883.72,16.69429558056936,19.549295157187224,hold,0.0,0.0,1.1327430255490436
2025-10-03 20:00:00,3886.38,17.247172859137663,19.088870697577313,hold,0.0,0.0,1.1327430255490436
2025-10-06 00:00:00,3900.36,18.599003514892047,18.99089726104026,hold,0.0,0.0,1.1327430255490436
2025-10-06 04:00:00,3938.67,22.502244017094654,19.69316661225114,buy,0.0,0.0020510927196463915,1.1350663865219774
2025-10-06 08:00:00,3942.44,25.604643339137965,20.875461957628506,hold,0.0,0.0,1.1350663865219774
2025-10-06 12:00:00,3934.03,27.07262408046381,22.114894382195565,hold,0.0,0.0,1.1350663865219774
2025-10-06 16:00:00,3953.98,29.50568450081346,23.593052405919146,hold,0.0,0.0,1.1350663865219774
2025-10-06 20:00:00,3960.95,31.631692699083487,25.200780464552018,hold,0.0,0.0,1.1350663865219774
2025-10-07 00:00:00,3962.66,33.07330376383561,26.77528512440874,hold,0.0,0.0,1.1350663865219774
2025-10-07 04:00:00,3975.95,34.88603831583441,28.397435762693878,hold,0.0,0.0,1.1350663865219774
2025-10-07 08:00:00,3951.31,33.943126203402244,29.506573850835554,hold,0.0,0.0,1.1350663865219774
2025-10-07 12:00:00,3979.46,35.063145189919396,30.617888118652324,hold,0.0,0.0,1.1350663865219774
2025-10-07 16:00:00,3976.57,35.310531630183505,31.556416820958564,hold,0.0,0.0,1.1350663865219774
2025-10-07 20:00:00,3984.23,35.71300782548769,32.38773502186439,hold,0.0,0.0,1.1350663865219774
2025-10-08 00:00:00,3992.23,36.2595289719452,33.16209381188055,hold,0.0,0.0,1.1350663865219774
2025-10-08 04:00:00,4026.72,39.02584008131316,34.334843065767075,hold,0.0,0.0,1.1350663865219774
2025-10-08 08:00:00,4036.33,41.51504861336707,35.77088417528707,hold,0.0,0.0,1.1350663865219774
2025-10-08 12:00:00,4039.98,43.28334534231635,37.27337640869293,hold,0.0,0.0,1.1350663865219774
2025-10-08 16:00:00,4056.58,45.49972203488596,38.91864553393154,hold,0.0,0.0,1.1350663865219774
2025-10-08 20:00:00,4041.33,45.50115993322515,40.23514841379026,hold,0.0,0.0,1.1350663865219774
2025-10-09 00:00:00,4022.77,43.50318495405236,40.888755721842685,hold,0.0,0.0,1.1350663865219774
2025-10-09 04:00:00,4039.03,42.739151167474574,41.25883481096906,hold,0.0,0.0,1.1350663865219774
2025-10-09 08:00:00,4038.1,41.57930530998556,41.32292891077236,hold,0.0,0.0,1.1350663865219774
2025-10-09 12:00:00,4053.47,41.42285279702401,41.34291368802269,hold,0.0,0.0,1.1350663865219774
2025-10-09 16:00:00,3968.38,34.04041447151849,39.88241384472185,sell,0.0,0.001973617665851727,1.1373065735943317
2025-10-09 20:00:00,3975.91,28.46921162992294,37.59977340176207,hold,0.0,0.0,1.1373065735943317
2025-10-10 00:00:00,3991.02,24.985229783887462,35.07686467818715,hold,0.0,0.0,1.1373065735943317
2025-10-10 04:00:00,3966.39,20.00609608931336,32.06271096041239,hold,0.0,0.0,1.1373065735943317
2025-10-10 08:00:00,3991.98,17.918443239270346,29.23385741618398,hold,0.0,0.0,1.1373065735943317
2025-10-10 12:00:00,3987.56,15.726026411011844,26.532291215149556,hold,0.0,0.0,1.1373065735943317
2025-10-10 16:00:00,3983.54,13.50842318190871,23.92751760850139,hold,0.0,0.0,1.1373065735943317
2025-10-10 20:00:00,4012.37,13.916871669855027,21.925388420772116,hold,0.0,0.0,1.1373065735943317
2025-10-13 00:00:00,4043.85,16.589509412036023,20.8582126190249,hold,0.0,0.0,1.1373065735943317
2025-10-13 04:00:00,4056.35,19.49155311987579,20.584880719195077,hold,0.0,0.0,1.1373065735943317
2025-10-13 08:00:00,4077.77,23.25182607479428,21.11826979031492,buy,0.0,0.0019722164014446485,1.1395495882722453
2025-10-13 12:00:00,4079.62,26.080509146884197,22.110717661628776,hold,0.0,0.0,1.1395495882722453
2025-10-13 16:00:00,4105.71,30.080753614796777,23.704724852262377,hold,0.0,0.0,1.1395495882722453
2025-10-13 20:00:00,4110.36,33.24298784333405,25.612377450476714,hold,0.0,0.0,1.1395495882722453
2025-10-14 00:00:00,4124.49,36.46886380195065,27.783674720771504,hold,0.0,0.0,1.1395495882722453
2025-10-14 04:00:00,4168.12,42.061115748992506,30.639162926415707,hold,0.0,0.0,1.1395495882722453
2025-10-14 08:00:00,4143.97,44.03668504369534,33.31866734987163,hold,0.0,0.0,1.1395495882722453
2025-10-14 12:00:00,4106.58,42.099975117394024,35.07492890337611,hold,0.0,0.0,1.1395495882722453
2025-10-14 16:00:00,4140.47,42.80631377778673,36.62120587825824,hold,0.0,0.0,1.1395495882722453
2025-10-14 20:00:00,4142.09,43.001122542735175,37.89718921115362,hold,0.0,0.0,1.1395495882722453
2025-10-15 00:00:00,4162.54,44.29504824128071,39.17676101717904,hold,0.0,0.0,1.1395495882722453
2025-10-15 04:00:00,4179.74,46.17610058924356,40.57662893159194,hold,0.0,0.0,1.1395495882722453
2025-10-15 08:00:00,4208.11,49.38677008591867,42.33865716245729,hold,0.0,0.0,1.1395495882722453
2025-10-15 12:00:00,4190.22,49.91231718347399,43.853389166660634,hold,0.0,0.0,1.1395495882722453
2025-10-15 16:00:00,4198.9,50.44769092448223,45.17224951822496,hold,0.0,0.0,1.1395495882722453
2025-10-15 20:00:00,4208.06,51.02295307570512,46.34239022972099,hold,0.0,0.0,1.1395495882722453
2025-10-16 00:00:00,4210.64,51.09801085144136,47.29351435406507,hold,0.0,0.0,1.1395495882722453
2025-10-16 04:00:00,4233.33,52.38453177714473,48.311717838681,hold,0.0,0.0,1.1395495882722453
2025-10-16 08:00:00,4232.86,52.75802216876764,49.20097870469833,hold,0.0,0.0,1.1395495882722453
2025-10-16 12:00:00,4235.96,52.6967052713926,49.90012401803719,hold,0.0,0.0,1.1395495882722453
2025-10-16 16:00:00,4282.61,55.769500234743646,51.07399926137848,hold,0.0,0.0,1.1395495882722453
2025-10-16 20:00:00,4325.87,60.99235098683039,53.05766960646886,hold,0.0,0.0,1.1395495882722453
2025-10-17 00:00:00,4358.29,66.97546937109473,55.84122955939404,hold,0.0,0.0,1.1395495882722453
2025-10-17 04:00:00,4376.23,72.330955633739,59.13917477426303,hold,0.0,0.0,1.1395495882722453
2025-10-17 08:00:00,4347.74,73.42985848186527,61.99731151578348,hold,0.0,0.0,1.1395495882722453
2025-10-17 12:00:00,4314.31,70.78723412091676,63.75529603681014,hold,0.0,0.0,1.1395495882722453
2025-10-17 16:00:00,4204.49,59.14954000198668,62.83414482984545,sell,0.0,0.0018542941976816686,1.141662648461749
2025-10-17 20:00:00,4252.63,53.19784757260368,60.9068853783971,hold,0.0,0.0,1.141662648461749
2025-10-20 00:00:00,4249.5,47.678910796617856,58.26129046204126,hold,0.0,0.0,1.141662648461749
2025-10-20 04:00:00,4266.39,44.15895849866229,55.44082406936547,hold,0.0,0.0,1.141662648461749
2025-10-20 08:00:00,4258.67,40.282084664097056,52.409076188311786,hold,0.0,0.0,1.141662648461749
2025-10-20 12:00:00,4323.65,41.96918254682623,50.321097460014684,hold,0.0,0.0,1.141662648461749
2025-10-20 16:00:00,4347.85,44.7431859301978,49.20551515405131,hold,0.0,0.0,1.141662648461749
2025-10-20 20:00:00,4356.25,47.07674201768077,48.77976052677721,hold,0.0,0.0,1.141662648461749
2025-10-21 00:00:00,4368.89,49.37685870140467,48.8991801617027,buy,0.0,0.001836441893830703,1.143759245578006
2025-10-21 04:00:00,4341.98,48.46957851114348,48.813259831590855,sell,0.0,0.0018311287306386746,1.1458536159935175
2025-10-21 08:00:00,4273.86,41.772312510099255,47.40507036729254,hold,0.0,0.0,1.1458536159935175
2025-10-21 12:00:00,4211.3,31.058587722841366,44.13577383840231,hold,0.0,0.0,1.1458536159935175
2025-10-21 16:00:00,4113.46,14.50579949666735,38.20977897005532,hold,0.0,0.0,1.1458536159935175
2025-10-21 20:00:00,4124.85,2.2803865046880674,31.023900476981872,hold,0.0,0.0,1.1458536159935175
2025-10-22 00:00:00,4075.12,-11.290981355178701,22.56092411054976,hold,0.0,0.0,1.1458536159935175
2025-10-22 04:00:00,4128.2,-17.560845275527754,14.536570233334258,hold,0.0,0.0,1.1458536159935175
2025-10-22 08:00:00,4070.52,-26.87426179117938,6.25440382843153,hold,0.0,0.0,1.1458536159935175
2025-10-22 12:00:00,4033.78,-36.79566490981051,-2.355609919216878,hold,0.0,0.0,1.1458536159935175
2025-10-22 16:00:00,4059.37,-42.10815265335623,-10.30611846604475,hold,0.0,0.0,1.1458536159935175
2025-10-22 20:00:00,4098.33,-42.68257293501301,-16.781409359838403,hold,0.0,0.0,1.1458536159935175
2025-10-23 00:00:00,4081.82,-43.96324326468675,-22.217776140808073,hold,0.0,0.0,1.1458536159935175
2025-10-23 04:00:00,4089.87,-43.82344659118644,-26.538910230883747,hold,0.0,0.0,1.1458536159935175
2025-10-23 08:00:00,4116.04,-41.126871458488495,-29.4565024764047,hold,0.0,0.0,1.1458536159935175
2025-10-23 12:00:00,4127.27,-37.64964739203242,-31.095131459530247,hold,0.0,0.0,1.1458536159935175
2025-10-23 16:00:00,4132.99,-34.03997443521348,-31.684100054666896,hold,0.0,0.0,1.1458536159935175
2025-10-23 20:00:00,4125.93,-31.387154033885054,-31.62471085051053,buy,0.6666666666666666,-0.0008161968292526775,1.144918373905356
2025-10-24 00:00:00,4132.59,-28.41976307519326,-30.98372129544708,hold,0.0,0.0005161719078277983,1.1455093486067216
2025-10-24 04:00:00,4111.79,-27.430271434335737,-30.273031323224814,hold,0.0,0.0,1.1455093486067216
2025-10-24 08:00:00,4065.24,-30.05582332330141,-30.229589723240135,hold,0.0,0.0,1.1455093486067216
2025-10-24 12:00:00,4082.03,-30.430989922083427,-30.269869763008796,sell,0.0,0.0019679034940126537,1.1477636004562688
2025-10-24 16:00:00,4129.26,-26.610496631418755,-29.53799513669079,buy,0.0,0.001959809212573156,1.1500129981342992
2025-10-24 20:00:00,4112.21,-24.674093094499767,-28.565214728252585,hold,0.0,0.0,1.1500129981342992
2025-10-27 00:00:00,4081.8,-25.301650516064,-27.91250188581487,hold,0.0,0.0,1.1500129981342992
2025-10-27 04:00:00,4079.64,-25.67729635328942,-27.46546077930978,hold,0.0,0.0,1.1500129981342992
2025-10-27 08:00:00,4039.7,-28.86508387415506,-27.745385398278838,sell,0.0,0.001960957339373082,1.152268124563365
2025-10-27 12:00:00,4021.86,-32.456825277976805,-28.687673374218434,hold,0.0,0.0,1.152268124563365
2025-10-27 16:00:00,4006.45,-36.130277086919705,-30.176194116758687,hold,0.0,0.0,1.152268124563365
2025-10-27 20:00:00,3981.02,-40.625200560171834,-32.265995405441316,hold,0.0,0.0,1.152268124563365
2025-10-28 00:00:00,4011.03,-41.289938887533026,-34.07078410185966,hold,0.0,0.0,1.152268124563365
2025-10-28 04:00:00,3966.53,-44.89006220512374,-36.234639722512476,hold,0.0,0.0,1.152268124563365
2025-10-28 08:00:00,3904.78,-52.12502990745088,-39.412717759500154,hold,0.0,0.0,1.152268124563365
2025-10-28 12:00:00,3938.73,-54.49117235334916,-42.42840867826996,hold,0.0,0.0,1.152268124563365
2025-10-28 16:00:00,3962.44,-53.832609627447255,-44.70924886810542,hold,0.0,0.0,1.152268124563365
2025-10-28 20:00:00,3952.61,-53.48732419117141,-46.46486393271862,hold,0.0,0.0,1.152268124563365
2025-10-29 00:00:00,3973.71,-50.92406837424687,-47.35670482102427,hold,0.0,0.0,1.152268124563365
2025-10-29 04:00:00,3962.61,-49.220958336779404,-47.7295555241753,hold,0.0,0.0,1.152268124563365
2025-10-29 08:00:00,4024.01,-42.42768456569411,-46.66918133247906,buy,0.0,0.002018871400415383,1.1545944057256563
2025-10-29 12:00:00,4012.4,-37.54796654486472,-44.8449383749562,hold,0.0,0.0,1.1545944057256563
2025-10-29 16:00:00,3994.68,-34.710489844273525,-42.818048668819664,hold,0.0,0.0,1.1545944057256563
2025-10-29 20:00:00,3930.07,-37.2459084994307,-41.70362063494187,hold,0.0,0.0,1.1545944057256563
2025-10-30 00:00:00,3947.94,-37.3823657534781,-40.83936965864912,hold,0.0,0.0,1.1545944057256563
2025-10-30 04:00:00,3963.64,-35.81084518894568,-39.83366476470843,hold,0.0,0.0,1.1545944057256563
2025-10-30 08:00:00,3998.62,-31.3810687330988,-38.14314555838651,hold,0.0,0.0,1.1545944057256563
2025-10-30 12:00:00,3995.33,-27.815277279280053,-36.07757190256522,hold,0.0,0.0,1.1545944057256563
2025-10-30 16:00:00,4004.28,-23.990622695470393,-33.66018206114625,hold,0.0,0.0,1.1545944057256563
2025-10-30 20:00:00,4024.23,-19.129248047808233,-30.75399525847865,hold,0.0,0.0,1.1545944057256563
2025-10-31 00:00:00,4018.9,-15.527666793396747,-27.70872956546227,hold,0.0,0.0,1.1545944057256563
2025-10-31 04:00:00,4005.08,-13.631411773063974,-24.893266006982614,hold,0.0,0.0,1.1545944057256563
2025-10-31 08:00:00,4008.5,-11.717577648609222,-22.258128335307937,hold,0.0,0.0,1.1545944057256563
2025-10-31 12:00:00,4017.03,-9.40414546963575,-19.6873317621735,hold,0.0,0.0,1.1545944057256563
2025-10-31 16:00:00,3997.69,-9.027249654547177,-17.555315340648235,hold,0.0,0.0,1.1545944057256563
2025-10-31 20:00:00,4002.14,-8.274100515608097,-15.69907237564021,hold,0.0,0.0,1.1545944057256563
2025-11-03 00:00:00,3995.83,-8.093096483497902,-14.17787719721175,hold,0.0,0.0,1.1545944057256563
2025-11-03 04:00:00,4014.07,-6.404012452830102,-12.623104248335421,hold,0.0,0.0,1.1545944057256563
2025-11-03 08:00:00,4000.76,-6.0694422014203155,-11.312371838952402,hold,0.0,0.0,1.1545944057256563
2025-11-03 12:00:00,4016.08,-4.516038816966102,-9.953105234555142,hold,0.0,0.0,1.1545944057256563
2025-11-03 16:00:00,4006.19,-4.036465922399657,-8.769777372124047,hold,0.0,0.0,1.1545944057256563
2025-11-03 20:00:00,4001.21,-4.011997518708995,-7.818221401441036,hold,0.0,0.0,1.1545944057256563
2025-11-04 00:00:00,3987.42,-5.047163327570161,-7.264009786666861,hold,0.0,0.0,1.1545944057256563
2025-11-04 04:00:00,3973.45,-6.915089094311952,-7.19422564819588,hold,0.0,0.0,1.1545944057256563
2025-11-04 08:00:00,3991.17,-6.886198010201042,-7.132620120596913,hold,0.0,0.0,1.1545944057256563
2025-11-04 12:00:00,3975.93,-8.000813850168925,-7.306258866511316,sell,0.0,0.0020044247676746416,1.1569087033491114
2025-11-04 16:00:00,3955.11,-10.443765703702866,-7.933760233949625,hold,0.0,0.0,1.1569087033491114
2025-11-04 20:00:00,3931.85,-14.094240623665883,-9.165856311892878,hold,0.0,0.0,1.1569087033491114
