,time,open,high,low,close,tick_volume,spread,real_volume
0,2025-10-30 07:30:00,3950.36,3955.09,3947.18,3955.04,462,18,0
1,2025-10-30 07:35:00,3955.02,3959.25,3954.76,3957.7,432,18,0
2,2025-10-30 07:40:00,3957.73,3963.58,3957.69,3962.59,432,17,0
3,2025-10-30 07:45:00,3962.57,3970.78,3961.29,3968.5,431,17,0
4,2025-10-30 07:50:00,3968.5,3973.61,3964.76,3965.36,461,7,0
5,2025-10-30 07:55:00,3965.15,3965.42,3961.01,3963.64,373,5,0
6,2025-10-30 08:00:00,3963.69,3970.84,3961.07,3966.88,410,5,0
7,2025-10-30 08:05:00,3966.81,3969.82,3962.55,3965.0,421,15,0
8,2025-10-30 08:10:00,3964.82,3965.98,3956.5,3962.11,431,16,0
9,2025-10-30 08:15:00,3961.99,3966.82,3958.96,3966.14,411,15,0
10,2025-10-30 08:20:00,3966.09,3970.76,3958.78,3962.84,445,17,0
11,2025-10-30 08:25:00,3963.22,3967.14,3960.18,3965.04,403,16,0
12,2025-10-30 08:30:00,3965.66,3968.17,3960.65,3961.81,418,17,0
13,2025-10-30 08:35:00,3961.49,3964.26,3956.66,3961.08,417,17,0
14,2025-10-30 08:40:00,3961.06,3965.79,3960.01,3965.68,406,17,0
15,2025-10-30 08:45:00,3965.7,3968.17,3962.06,3967.33,366,16,0
16,2025-10-30 08:50:00,3967.32,3967.84,3963.91,3965.87,376,16,0
17,2025-10-30 08:55:00,3966.33,3976.95,3965.81,3976.72,429,13,0
18,2025-10-30 09:00:00,3975.72,3977.11,3971.01,3974.83,412,14,0
19,2025-10-30 09:05:00,3974.57,3974.62,3969.3,3970.25,410,17,0
20,2025-10-30 09:10:00,3970.18,3975.51,3969.76,3970.21,410,13,0
21,2025-10-30 09:15:00,3970.21,3972.51,3967.43,3968.85,403,16,0
22,2025-10-30 09:20:00,3968.83,3972.22,3968.42,3968.73,351,12,0
23,2025-10-30 09:25:00,3968.73,3968.8,3959.99,3968.03,429,5,0
24,2025-10-30 09:30:00,3968.23,3969.88,3960.97,3961.65,375,16,0
25,2025-10-30 09:35:00,3961.59,3965.35,3958.76,3963.42,406,16,0
26,2025-10-30 09:40:00,3963.38,3965.98,3960.75,3961.74,383,18,0
27,2025-10-30 09:45:00,3961.79,3961.98,3958.86,3959.94,390,18,0
28,2025-10-30 09:50:00,3959.92,3960.72,3957.64,3958.92,332,18,0
29,2025-10-30 09:55:00,3958.94,3961.61,3955.94,3961.58,382,17,0
30,2025-10-30 10:00:00,3961.53,3967.26,3960.08,3964.41,448,16,0
31,2025-10-30 10:05:00,3964.43,3966.25,3961.02,3965.03,427,16,0
32,2025-10-30 10:10:00,3965.01,3969.52,3964.17,3965.49,431,16,0
33,2025-10-30 10:15:00,3965.6,3971.7,3964.28,3969.25,401,18,0
34,2025-10-30 10:20:00,3969.25,3970.06,3966.36,3967.99,369,18,0
35,2025-10-30 10:25:00,3967.69,3974.25,3967.36,3972.95,400,9,0
36,2025-10-30 10:30:00,3972.94,3973.87,3968.95,3971.53,412,17,0
37,2025-10-30 10:35:00,3971.4,3971.81,3968.41,3971.72,364,6,0
38,2025-10-30 10:40:00,3971.74,3975.02,3970.19,3974.02,402,16,0
39,2025-10-30 10:45:00,3974.18,3974.31,3971.55,3971.67,411,17,0
40,2025-10-30 10:50:00,3971.72,3974.83,3971.7,3973.35,386,18,0
41,2025-10-30 10:55:00,3973.38,3976.72,3972.43,3976.53,396,18,0
42,2025-10-30 11:00:00,3976.42,3990.25,3976.0,3989.49,467,9,0
43,2025-10-30 11:05:00,3989.45,3997.68,3989.1,3994.97,453,12,0
44,2025-10-30 11:10:00,3994.98,4006.41,3994.97,4004.91,469,8,0
45,2025-10-30 11:15:00,4004.86,4011.8,4002.38,4004.49,452,9,0
46,2025-10-30 11:20:00,4004.44,4008.27,4000.6,4000.91,421,5,0
47,2025-10-30 11:25:00,4000.88,4004.67,3999.86,4004.44,404,17,0
48,2025-10-30 11:30:00,4004.39,4005.59,4001.26,4001.76,412,17,0
49,2025-10-30 11:35:00,4002.03,4007.13,4001.67,4005.56,431,17,0
50,2025-10-30 11:40:00,4005.59,4005.95,4000.23,4005.83,423,16,0
51,2025-10-30 11:45:00,4005.67,4006.28,3995.18,3995.73,389,16,0
52,2025-10-30 11:50:00,3995.73,4000.5,3992.66,3997.66,427,6,0
53,2025-10-30 11:55:00,3997.62,4000.63,3996.76,3998.62,404,17,0
54,2025-10-30 12:00:00,3998.16,4001.01,3996.18,3998.33,399,5,0
55,2025-10-30 12:05:00,3998.15,3999.78,3997.19,3997.57,387,17,0
56,2025-10-30 12:10:00,3997.4,3999.07,3996.66,3998.13,344,17,0
57,2025-10-30 12:15:00,3998.14,3998.98,3993.63,3993.63,351,17,0
58,2025-10-30 12:20:00,3993.59,3993.6,3982.72,3986.16,446,7,0
59,2025-10-30 12:25:00,3986.3,3990.56,3985.67,3987.25,417,15,0
60,2025-10-30 12:30:00,3986.33,3988.54,3979.69,3979.73,450,5,0
61,2025-10-30 12:35:00,3979.85,3981.2,3973.77,3981.02,472,8,0
62,2025-10-30 12:40:00,3981.25,3983.79,3979.29,3982.12,407,5,0
63,2025-10-30 12:45:00,3982.26,3984.16,3979.67,3982.0,405,16,0
64,2025-10-30 12:50:00,3982.09,3987.18,3981.13,3985.92,416,16,0
65,2025-10-30 12:55:00,3985.87,3986.5,3982.08,3984.26,388,14,0
66,2025-10-30 13:00:00,3984.31,3984.88,3981.25,3982.54,403,17,0
67,2025-10-30 13:05:00,3982.04,3983.18,3978.73,3978.74,419,16,0
68,2025-10-30 13:10:00,3978.91,3981.69,3976.88,3977.2,414,5,0
69,2025-10-30 13:15:00,3977.1,3977.7,3971.54,3971.86,449,6,0
70,2025-10-30 13:20:00,3972.02,3972.67,3963.78,3970.71,449,16,0
71,2025-10-30 13:25:00,3970.84,3970.87,3965.23,3965.94,413,6,0
72,2025-10-30 13:30:00,3965.64,3972.43,3965.22,3972.06,428,16,0
73,2025-10-30 13:35:00,3972.1,3976.42,3971.43,3973.22,416,16,0
74,2025-10-30 13:40:00,3973.25,3973.8,3969.96,3973.34,386,16,0
75,2025-10-30 13:45:00,3973.31,3976.2,3971.26,3973.18,379,5,0
76,2025-10-30 13:50:00,3973.18,3973.99,3971.0,3973.12,351,16,0
77,2025-10-30 13:55:00,3973.12,3976.5,3972.77,3974.35,363,16,0
78,2025-10-30 14:00:00,3974.45,3982.13,3973.6,3978.25,441,10,0
79,2025-10-30 14:05:00,3978.74,3981.72,3978.15,3979.42,382,17,0
80,2025-10-30 14:10:00,3979.61,3982.65,3973.84,3982.26,413,13,0
81,2025-10-30 14:15:00,3982.28,3985.04,3979.99,3980.44,429,17,0
82,2025-10-30 14:20:00,3980.5,3984.49,3977.56,3977.85,427,7,0
83,2025-10-30 14:25:00,3978.49,3980.54,3970.93,3970.93,426,17,0
84,2025-10-30 14:30:00,3970.86,3974.7,3966.88,3971.61,470,16,0
85,2025-10-30 14:35:00,3971.74,3979.41,3971.53,3976.79,442,12,0
86,2025-10-30 14:40:00,3976.64,3980.17,3976.16,3977.21,416,16,0
87,2025-10-30 14:45:00,3976.4,3978.84,3967.38,3967.38,453,16,0
88,2025-10-30 14:50:00,3967.47,3974.2,3966.99,3972.32,424,5,0
89,2025-10-30 14:55:00,3972.05,3973.38,3960.84,3961.47,461,8,0
90,2025-10-30 15:00:00,3961.64,3975.68,3959.93,3974.3,481,8,0
91,2025-10-30 15:05:00,3974.49,3976.88,3970.87,3972.42,454,16,0
92,2025-10-30 15:10:00,3972.41,3977.99,3971.83,3975.63,397,16,0
93,2025-10-30 15:15:00,3975.69,3976.36,3971.39,3973.85,406,10,0
94,2025-10-30 15:20:00,3973.84,3976.19,3970.83,3975.57,439,16,0
95,2025-10-30 15:25:00,3975.27,3976.19,3969.44,3970.03,448,5,0
96,2025-10-30 15:30:00,3969.65,3978.83,3966.87,3969.27,488,9,0
97,2025-10-30 15:35:00,3969.34,3974.75,3964.69,3968.88,478,17,0
98,2025-10-30 15:40:00,3968.58,3975.22,3963.25,3974.95,477,5,0
99,2025-10-30 15:45:00,3974.63,3981.18,3974.26,3975.75,469,9,0
100,2025-10-30 15:50:00,3976.0,3989.43,3975.04,3987.85,471,6,0
101,2025-10-30 15:55:00,3987.87,3995.33,3987.69,3995.33,472,9,0
102,2025-10-30 16:00:00,3995.28,4000.86,3991.81,3998.16,469,13,0
103,2025-10-30 16:05:00,3998.29,4013.44,3997.42,4009.84,491,5,0
104,2025-10-30 16:10:00,4009.5,4014.61,4005.63,4010.87,492,13,0
105,2025-10-30 16:15:00,4011.07,4013.05,4004.69,4007.32,483,5,0
106,2025-10-30 16:20:00,4007.2,4009.9,3997.05,4003.52,484,5,0
107,2025-10-30 16:25:00,4003.46,4003.46,3995.91,3998.53,472,5,0
108,2025-10-30 16:30:00,3998.48,4000.84,3992.29,3995.83,453,17,0
109,2025-10-30 16:35:00,3995.92,3996.49,3988.1,3991.55,461,16,0
110,2025-10-30 16:40:00,3991.95,3994.22,3986.58,3993.45,470,17,0
111,2025-10-30 16:45:00,3993.48,4002.04,3989.0,3998.75,470,5,0
112,2025-10-30 16:50:00,3999.09,4000.05,3995.38,3996.31,466,8,0
113,2025-10-30 16:55:00,3996.31,3998.34,3990.8,3996.33,463,5,0
114,2025-10-30 17:00:00,3996.73,3999.79,3990.63,3996.07,466,14,0
115,2025-10-30 17:05:00,3996.07,3997.28,3988.44,3996.43,462,5,0
116,2025-10-30 17:10:00,3996.13,4003.33,3996.04,4000.02,469,13,0
117,2025-10-30 17:15:00,4000.02,4002.75,3997.72,4000.51,451,8,0
118,2025-10-30 17:20:00,4000.62,4000.84,3996.26,3996.37,439,16,0
119,2025-10-30 17:25:00,3996.46,4000.15,3995.17,3998.25,420,5,0
120,2025-10-30 17:30:00,3998.43,4002.55,3997.75,4001.83,428,16,0
121,2025-10-30 17:35:00,4001.84,4003.39,3999.0,4001.17,436,7,0
122,2025-10-30 17:40:00,4001.21,4005.29,3998.93,4004.7,448,6,0
123,2025-10-30 17:45:00,4004.82,4008.13,4002.93,4005.68,456,5,0
124,2025-10-30 17:50:00,4005.81,4006.44,4003.05,4004.73,403,11,0
125,2025-10-30 17:55:00,4004.8,4007.5,4001.36,4002.02,435,17,0
126,2025-10-30 18:00:00,4001.76,4003.96,3995.68,3997.23,445,17,0
127,2025-10-30 18:05:00,3997.3,4001.29,3996.29,3997.9,419,9,0
128,2025-10-30 18:10:00,3997.91,3999.6,3993.91,3994.64,401,8,0
129,2025-10-30 18:15:00,3994.81,3998.67,3991.73,3996.34,430,9,0
130,2025-10-30 18:20:00,3995.86,3996.82,3992.57,3994.18,417,16,0
131,2025-10-30 18:25:00,3994.28,3996.97,3991.65,3995.72,427,7,0
132,2025-10-30 18:30:00,3995.62,4000.97,3995.03,3997.85,409,17,0
133,2025-10-30 18:35:00,3997.6,3999.22,3995.88,3998.67,417,17,0
134,2025-10-30 18:40:00,3998.84,4002.67,3998.62,4002.52,405,17,0
135,2025-10-30 18:45:00,4002.62,4002.9,3996.94,3997.48,398,5,0
136,2025-10-30 18:50:00,3997.51,4001.27,3997.06,4000.27,366,16,0
137,2025-10-30 18:55:00,4000.28,4001.7,3999.31,4001.28,360,5,0
138,2025-10-30 19:00:00,4001.32,4003.92,4000.37,4002.55,387,5,0
139,2025-10-30 19:05:00,4002.09,4002.26,3998.79,4000.1,381,17,0
140,2025-10-30 19:10:00,4000.07,4000.07,3995.52,3995.52,364,15,0
141,2025-10-30 19:15:00,3995.35,4001.14,3994.39,3999.68,386,10,0
142,2025-10-30 19:20:00,3999.51,4001.91,3998.93,4001.2,348,17,0
143,2025-10-30 19:25:00,4001.28,4003.59,4000.73,4002.42,373,13,0
144,2025-10-30 19:30:00,4002.32,4007.43,4001.94,4004.9,394,15,0
145,2025-10-30 19:35:00,4004.86,4006.27,4002.47,4005.57,380,6,0
146,2025-10-30 19:40:00,4005.6,4010.84,4005.53,4010.41,408,10,0
147,2025-10-30 19:45:00,4010.36,4017.82,4010.36,4012.77,441,5,0
148,2025-10-30 19:50:00,4012.48,4013.06,4009.17,4010.82,398,5,0
149,2025-10-30 19:55:00,4010.84,4010.88,4003.48,4004.28,390,5,0
150,2025-10-30 20:00:00,4004.88,4004.93,4001.11,4001.28,424,17,0
151,2025-10-30 20:05:00,4001.26,4006.52,4000.3,4006.0,404,16,0
152,2025-10-30 20:10:00,4005.6,4007.64,4004.02,4005.77,368,5,0
153,2025-10-30 20:15:00,4005.87,4007.56,4003.51,4007.28,386,17,0
154,2025-10-30 20:20:00,4007.24,4009.08,4006.88,4008.36,357,6,0
155,2025-10-30 20:25:00,4008.36,4012.77,4008.18,4012.77,391,8,0
156,2025-10-30 20:30:00,4012.8,4016.21,4012.76,4015.49,412,17,0
157,2025-10-30 20:35:00,4015.61,4017.28,4010.09,4011.63,406,17,0
158,2025-10-30 20:40:00,4011.59,4013.89,4008.04,4010.86,412,5,0
159,2025-10-30 20:45:00,4011.08,4013.03,4009.71,4012.88,387,16,0
160,2025-10-30 20:50:00,4012.9,4016.23,4011.05,4015.37,376,16,0
161,2025-10-30 20:55:00,4015.41,4017.7,4015.16,4015.81,383,16,0
162,2025-10-30 21:00:00,4016.27,4022.03,4015.35,4021.38,446,5,0
163,2025-10-30 21:05:00,4021.4,4025.27,4020.6,4024.79,442,12,0
164,2025-10-30 21:10:00,4024.8,4025.77,4023.61,4024.96,404,16,0
165,2025-10-30 21:15:00,4024.98,4026.07,4023.44,4024.75,429,16,0
166,2025-10-30 21:20:00,4024.71,4025.01,4018.97,4021.42,445,17,0
167,2025-10-30 21:25:00,4021.4,4021.94,4019.67,4020.09,400,17,0
168,2025-10-30 21:30:00,4020.08,4025.82,4020.08,4024.07,408,5,0
169,2025-10-30 21:35:00,4023.67,4024.38,4021.46,4024.38,428,10,0
170,2025-10-30 21:40:00,4024.22,4025.52,4021.88,4024.67,431,17,0
171,2025-10-30 21:45:00,4024.71,4025.54,4022.02,4022.27,421,5,0
172,2025-10-30 21:50:00,4022.24,4025.68,4022.24,4023.91,445,16,0
173,2025-10-30 21:55:00,4023.62,4025.7,4020.22,4023.55,450,8,0
174,2025-10-30 22:00:00,4023.44,4027.32,4023.14,4026.06,384,5,0
175,2025-10-30 22:05:00,4026.09,4027.16,4022.59,4023.18,349,5,0
176,2025-10-30 22:10:00,4023.2,4025.82,4021.79,4023.44,311,5,0
177,2025-10-30 22:15:00,4023.42,4023.81,4021.13,4021.37,262,17,0
178,2025-10-30 22:20:00,4021.38,4022.29,4018.33,4018.48,290,5,0
179,2025-10-30 22:25:00,4018.6,4020.44,4017.88,4019.08,325,16,0
180,2025-10-30 22:30:00,4019.07,4019.97,4016.42,4017.24,345,5,0
181,2025-10-30 22:35:00,4017.24,4019.35,4016.47,4019.32,303,5,0
182,2025-10-30 22:40:00,4019.31,4020.17,4018.57,4020.11,209,7,0
183,2025-10-30 22:45:00,4020.24,4025.51,4020.0,4025.48,290,17,0
184,2025-10-30 22:50:00,4025.38,4027.08,4024.72,4024.72,233,5,0
185,2025-10-30 22:55:00,4025.67,4026.72,4023.93,4024.23,277,50,0
186,2025-10-31 00:00:00,4021.05,4024.37,4009.81,4020.87,555,16,0
187,2025-10-31 00:05:00,4020.87,4021.49,4016.32,4020.94,220,5,0
188,2025-10-31 00:10:00,4020.85,4023.16,4019.45,4022.28,264,5,0
189,2025-10-31 00:15:00,4022.27,4022.27,4017.66,4018.99,251,17,0
190,2025-10-31 00:20:00,4018.95,4019.86,4016.42,4017.79,277,17,0
191,2025-10-31 00:25:00,4017.75,4022.13,4017.67,4020.64,264,17,0
192,2025-10-31 00:30:00,4020.76,4027.21,4020.76,4025.63,361,17,0
193,2025-10-31 00:35:00,4025.63,4027.46,4023.07,4023.12,278,5,0
194,2025-10-31 00:40:00,4023.15,4024.92,4021.74,4024.28,277,5,0
195,2025-10-31 00:45:00,4024.32,4027.96,4023.27,4027.96,248,6,0
196,2025-10-31 00:50:00,4028.44,4039.88,4027.81,4039.03,430,5,0
197,2025-10-31 00:55:00,4038.99,4046.34,4036.58,4037.9,381,5,0
198,2025-10-31 01:00:00,4038.0,4038.75,4030.78,4032.44,452,8,0
199,2025-10-31 01:05:00,4032.34,4035.06,4030.0,4033.07,440,18,0
200,2025-10-31 01:10:00,4033.1,4033.1,4019.55,4027.36,463,5,0
201,2025-10-31 01:15:00,4027.03,4028.94,4023.36,4026.0,444,5,0
202,2025-10-31 01:20:00,4026.32,4030.53,4025.52,4030.41,379,17,0
203,2025-10-31 01:25:00,4030.65,4031.99,4027.59,4028.03,357,17,0
204,2025-10-31 01:30:00,4028.04,4034.94,4026.08,4033.64,406,17,0
205,2025-10-31 01:35:00,4033.66,4035.07,4031.3,4033.09,357,17,0
206,2025-10-31 01:40:00,4032.91,4034.08,4031.62,4032.13,317,7,0
207,2025-10-31 01:45:00,4032.1,4040.66,4032.07,4040.56,419,17,0
208,2025-10-31 01:50:00,4040.43,4041.82,4037.19,4040.66,404,17,0
209,2025-10-31 01:55:00,4040.49,4043.09,4036.72,4036.73,412,17,0
210,2025-10-31 02:00:00,4036.72,4036.99,4031.12,4032.13,441,5,0
211,2025-10-31 02:05:00,4032.12,4032.81,4029.31,4031.73,434,17,0
212,2025-10-31 02:10:00,4031.8,4035.04,4029.9,4031.86,408,17,0
213,2025-10-31 02:15:00,4031.8,4033.85,4030.45,4032.38,421,16,0
214,2025-10-31 02:20:00,4032.36,4033.46,4030.25,4032.61,366,17,0
215,2025-10-31 02:25:00,4033.18,4033.31,4026.45,4027.56,373,10,0
216,2025-10-31 02:30:00,4027.48,4030.57,4026.8,4030.32,399,17,0
217,2025-10-31 02:35:00,4030.34,4031.03,4026.39,4026.47,401,17,0
218,2025-10-31 02:40:00,4026.48,4028.61,4026.36,4027.8,362,17,0
219,2025-10-31 02:45:00,4027.81,4030.58,4025.57,4030.0,415,17,0
220,2025-10-31 02:50:00,4030.02,4031.37,4026.74,4026.93,397,17,0
221,2025-10-31 02:55:00,4026.88,4027.89,4024.01,4025.0,425,6,0
222,2025-10-31 03:00:00,4025.04,4026.44,4019.92,4026.33,469,13,0
223,2025-10-31 03:05:00,4026.28,4036.25,4024.37,4034.07,465,16,0
224,2025-10-31 03:10:00,4034.03,4038.98,4032.27,4032.27,449,6,0
225,2025-10-31 03:15:00,4032.27,4034.61,4029.86,4033.4,449,16,0
226,2025-10-31 03:20:00,4033.28,4035.73,4032.86,4033.34,448,5,0
227,2025-10-31 03:25:00,4033.23,4034.34,4027.81,4030.46,442,5,0
228,2025-10-31 03:30:00,4030.73,4030.95,4027.57,4029.7,429,16,0
229,2025-10-31 03:35:00,4029.71,4029.81,4026.14,4028.33,435,16,0
230,2025-10-31 03:40:00,4028.39,4029.89,4023.31,4024.11,446,10,0
231,2025-10-31 03:45:00,4023.99,4025.36,4022.14,4024.31,428,13,0
232,2025-10-31 03:50:00,4024.25,4025.38,4013.39,4015.88,465,10,0
233,2025-10-31 03:55:00,4015.99,4021.12,4015.99,4018.9,459,16,0
234,2025-10-31 04:00:00,4018.92,4019.13,4013.65,4014.37,451,17,0
235,2025-10-31 04:05:00,4014.36,4015.8,4011.28,4012.46,438,5,0
236,2025-10-31 04:10:00,4012.39,4018.34,4009.39,4009.74,451,5,0
237,2025-10-31 04:15:00,4009.91,4017.03,4008.91,4016.79,419,5,0
238,2025-10-31 04:20:00,4016.86,4017.83,4014.2,4014.34,396,17,0
239,2025-10-31 04:25:00,4014.34,4015.75,4012.14,4013.23,368,17,0
240,2025-10-31 04:30:00,4013.2,4014.8,4007.85,4010.1,426,17,0
241,2025-10-31 04:35:00,4009.85,4010.26,4003.62,4009.01,463,16,0
242,2025-10-31 04:40:00,4009.08,4009.5,4001.56,4003.37,444,16,0
243,2025-10-31 04:45:00,4003.38,4011.96,4003.38,4010.96,441,18,0
244,2025-10-31 04:50:00,4011.05,4017.27,4010.42,4011.65,429,16,0
245,2025-10-31 04:55:00,4011.66,4012.33,4008.03,4011.12,412,17,0
246,2025-10-31 05:00:00,4011.34,4013.83,4005.11,4005.11,438,17,0
247,2025-10-31 05:05:00,4005.34,4007.76,4001.37,4007.36,445,17,0
248,2025-10-31 05:10:00,4007.35,4009.03,3990.96,3994.11,467,6,0
249,2025-10-31 05:15:00,3994.24,3998.56,3993.13,3997.49,436,7,0
250,2025-10-31 05:20:00,3997.32,4001.45,3996.61,3998.65,409,7,0
251,2025-10-31 05:25:00,3998.67,4000.16,3995.5,4000.16,439,15,0
252,2025-10-31 05:30:00,4000.22,4001.85,3998.01,4001.27,380,17,0
253,2025-10-31 05:35:00,4001.26,4003.65,4001.16,4002.86,333,17,0
254,2025-10-31 05:40:00,4002.92,4002.96,3997.83,3998.15,349,17,0
255,2025-10-31 05:45:00,3997.9,3997.94,3994.29,3997.02,409,17,0
256,2025-10-31 05:50:00,3997.04,3998.62,3996.2,3996.55,319,10,0
257,2025-10-31 05:55:00,3996.52,3997.69,3994.78,3996.41,318,17,0
258,2025-10-31 06:00:00,3996.43,3997.57,3994.18,3995.47,331,17,0
259,2025-10-31 06:05:00,3995.44,3996.18,3989.3,3991.18,381,5,0
260,2025-10-31 06:10:00,3990.65,3992.54,3989.19,3992.08,373,13,0
261,2025-10-31 06:15:00,3991.97,3995.89,3991.2,3994.92,354,17,0
262,2025-10-31 06:20:00,3994.72,3996.17,3992.98,3995.95,318,17,0
263,2025-10-31 06:25:00,3996.0,4000.96,3995.2,4000.83,354,17,0
264,2025-10-31 06:30:00,4000.87,4005.9,4000.12,4000.89,419,16,0
265,2025-10-31 06:35:00,4000.93,4001.18,3998.87,4000.64,374,5,0
266,2025-10-31 06:40:00,4000.66,4000.76,3999.08,4000.24,279,16,0
267,2025-10-31 06:45:00,4000.25,4006.3,3999.87,4005.15,352,6,0
268,2025-10-31 06:50:00,4005.04,4010.53,4004.81,4006.5,414,16,0
269,2025-10-31 06:55:00,4006.96,4008.15,4004.53,4005.79,372,18,0
270,2025-10-31 07:00:00,4005.48,4006.2,4000.24,4000.24,368,5,0
271,2025-10-31 07:05:00,4000.24,4001.36,3996.64,3997.36,385,17,0
272,2025-10-31 07:10:00,3997.38,3999.23,3996.24,3996.81,379,6,0
273,2025-10-31 07:15:00,3997.1,3997.91,3994.78,3997.38,354,5,0
274,2025-10-31 07:20:00,3997.23,3997.35,3994.1,3996.0,318,17,0
275,2025-10-31 07:25:00,3995.58,4002.93,3995.46,4001.41,383,7,0
276,2025-10-31 07:30:00,4001.34,4005.62,3999.99,4001.25,427,13,0
277,2025-10-31 07:35:00,4001.37,4002.35,3998.32,3999.98,422,5,0
278,2025-10-31 07:40:00,4000.01,4006.69,3999.24,4006.62,378,5,0
279,2025-10-31 07:45:00,4006.84,4011.41,4006.15,4007.66,455,15,0
280,2025-10-31 07:50:00,4007.81,4009.21,4005.63,4007.26,387,17,0
281,2025-10-31 07:55:00,4007.29,4007.88,4003.57,4005.08,401,7,0
282,2025-10-31 08:00:00,4005.34,4009.36,4002.0,4009.12,417,5,0
283,2025-10-31 08:05:00,4009.24,4013.03,4007.3,4008.92,416,8,0
284,2025-10-31 08:10:00,4008.77,4010.76,4007.28,4009.7,398,16,0
285,2025-10-31 08:15:00,4009.73,4014.94,4008.86,4011.86,416,16,0
286,2025-10-31 08:20:00,4011.85,4012.53,4006.65,4011.38,406,5,0
287,2025-10-31 08:25:00,4011.41,4012.84,4008.58,4009.07,356,18,0
288,2025-10-31 08:30:00,4008.81,4011.81,4007.96,4009.34,358,7,0
289,2025-10-31 08:35:00,4009.39,4011.57,4007.13,4009.15,383,9,0
290,2025-10-31 08:40:00,4009.17,4011.22,4007.45,4010.1,380,6,0
291,2025-10-31 08:45:00,4010.08,4010.43,4006.79,4007.29,371,5,0
292,2025-10-31 08:50:00,4007.27,4009.2,4005.1,4008.35,354,5,0
293,2025-10-31 08:55:00,4008.08,4014.47,4007.0,4013.14,388,5,0
294,2025-10-31 09:00:00,4012.98,4016.61,4007.67,4015.71,418,5,0
295,2025-10-31 09:05:00,4015.52,4016.71,4008.85,4009.02,433,16,0
296,2025-10-31 09:10:00,4008.91,4015.56,4007.61,4015.53,421,15,0
297,2025-10-31 09:15:00,4015.59,4020.4,4014.19,4017.58,417,5,0
298,2025-10-31 09:20:00,4017.92,4023.19,4017.87,4020.64,401,16,0
299,2025-10-31 09:25:00,4020.55,4023.7,4018.92,4023.46,376,5,0
300,2025-10-31 09:30:00,4023.46,4025.3,4020.85,4021.04,411,5,0
301,2025-10-31 09:35:00,4021.14,4021.28,4017.69,4018.57,402,16,0
302,2025-10-31 09:40:00,4018.56,4019.27,4012.05,4012.33,386,5,0
303,2025-10-31 09:45:00,4012.54,4019.85,4012.52,4018.29,378,6,0
304,2025-10-31 09:50:00,4018.15,4018.56,4015.4,4017.38,342,5,0
305,2025-10-31 09:55:00,4017.64,4023.89,4017.63,4021.03,432,5,0
306,2025-10-31 10:00:00,4021.21,4024.52,4019.05,4022.94,430,5,0
307,2025-10-31 10:05:00,4022.98,4026.76,4022.92,4026.08,389,5,0
308,2025-10-31 10:10:00,4026.08,4026.58,4023.07,4023.35,406,5,0
309,2025-10-31 10:15:00,4023.04,4023.19,4020.72,4022.13,401,5,0
310,2025-10-31 10:20:00,4021.89,4024.12,4020.15,4021.26,368,5,0
311,2025-10-31 10:25:00,4021.25,4023.17,4018.27,4020.91,390,13,0
312,2025-10-31 10:30:00,4021.39,4023.48,4018.88,4019.15,387,5,0
313,2025-10-31 10:35:00,4019.11,4022.15,4018.79,4022.15,396,12,0
314,2025-10-31 10:40:00,4022.12,4025.96,4019.44,4019.93,417,16,0
315,2025-10-31 10:45:00,4019.96,4021.05,4017.79,4020.16,398,6,0
316,2025-10-31 10:50:00,4020.16,4020.16,4006.52,4007.6,425,7,0
317,2025-10-31 10:55:00,4007.53,4011.26,4007.2,4010.4,432,15,0
318,2025-10-31 11:00:00,4010.37,4013.89,4008.36,4012.32,429,9,0
319,2025-10-31 11:05:00,4012.34,4013.06,4008.52,4010.16,397,5,0
320,2025-10-31 11:10:00,4010.13,4010.16,4006.55,4006.67,355,5,0
321,2025-10-31 11:15:00,4006.35,4008.2,4003.69,4003.7,390,16,0
322,2025-10-31 11:20:00,4003.71,4004.26,3998.93,4002.85,443,15,0
323,2025-10-31 11:25:00,4003.06,4005.08,4001.92,4002.44,380,16,0
324,2025-10-31 11:30:00,4002.69,4006.62,4000.28,4006.47,377,5,0
325,2025-10-31 11:35:00,4006.95,4007.02,4002.35,4003.08,397,16,0
326,2025-10-31 11:40:00,4003.01,4004.72,4002.47,4004.04,350,5,0
327,2025-10-31 11:45:00,4004.24,4005.8,4000.47,4001.18,382,15,0
328,2025-10-31 11:50:00,4001.31,4003.51,4000.41,4003.32,369,17,0
329,2025-10-31 11:55:00,4003.31,4009.68,4003.3,4008.5,373,5,0
330,2025-10-31 12:00:00,4008.7,4013.04,4008.38,4012.11,399,16,0
331,2025-10-31 12:05:00,4012.08,4016.12,4011.4,4015.71,400,16,0
332,2025-10-31 12:10:00,4015.79,4016.72,4014.86,4015.95,370,5,0
333,2025-10-31 12:15:00,4015.96,4016.3,4011.36,4013.78,402,16,0
334,2025-10-31 12:20:00,4013.83,4015.85,4011.53,4011.77,375,5,0
335,2025-10-31 12:25:00,4011.76,4016.18,4010.48,4013.33,400,5,0
336,2025-10-31 12:30:00,4012.82,4014.12,4010.55,4011.04,357,5,0
337,2025-10-31 12:35:00,4011.1,4011.46,4008.47,4010.98,347,16,0
338,2025-10-31 12:40:00,4010.88,4011.23,4008.76,4010.26,259,16,0
339,2025-10-31 12:45:00,4010.13,4010.6,4004.81,4006.78,349,16,0
340,2025-10-31 12:50:00,4006.83,4007.46,4005.22,4005.96,349,17,0
341,2025-10-31 12:55:00,4005.61,4008.38,4003.64,4007.48,386,17,0
342,2025-10-31 13:00:00,4007.46,4008.99,4006.59,4008.6,366,15,0
343,2025-10-31 13:05:00,4008.61,4009.56,4004.06,4005.39,354,7,0
344,2025-10-31 13:10:00,4005.37,4007.86,4004.33,4006.03,360,16,0
345,2025-10-31 13:15:00,4006.02,4007.31,4003.07,4004.08,344,14,0
346,2025-10-31 13:20:00,4004.1,4004.66,4001.7,4004.42,380,16,0
347,2025-10-31 13:25:00,4004.47,4008.12,4004.45,4005.52,360,16,0
348,2025-10-31 13:30:00,4005.51,4007.23,4003.16,4003.45,355,16,0
349,2025-10-31 13:35:00,4003.48,4007.13,4001.95,4006.86,358,7,0
350,2025-10-31 13:40:00,4007.02,4008.82,4005.97,4008.82,386,16,0
351,2025-10-31 13:45:00,4008.84,4010.32,4006.24,4006.94,396,16,0
352,2025-10-31 13:50:00,4006.97,4011.23,4006.64,4008.67,380,16,0
353,2025-10-31 13:55:00,4008.84,4010.48,4007.76,4010.48,346,16,0
354,2025-10-31 14:00:00,4010.39,4011.11,4009.26,4010.85,411,16,0
355,2025-10-31 14:05:00,4010.66,4011.5,4009.97,4010.22,373,16,0
356,2025-10-31 14:10:00,4010.39,4013.21,4010.09,4012.44,385,17,0
357,2025-10-31 14:15:00,4012.47,4014.34,4011.9,4013.14,388,12,0
358,2025-10-31 14:20:00,4013.06,4024.52,4012.51,4023.88,451,9,0
359,2025-10-31 14:25:00,4023.9,4025.33,4019.37,4019.52,437,18,0
360,2025-10-31 14:30:00,4019.18,4020.03,4016.68,4017.82,414,17,0
361,2025-10-31 14:35:00,4017.66,4027.13,4016.87,4026.18,462,17,0
362,2025-10-31 14:40:00,4026.24,4032.91,4025.06,4029.71,477,11,0
363,2025-10-31 14:45:00,4029.45,4036.36,4028.36,4032.5,440,16,0
364,2025-10-31 14:50:00,4032.45,4032.53,4024.78,4026.13,442,17,0
365,2025-10-31 14:55:00,4026.25,4026.25,4020.85,4022.99,434,17,0
366,2025-10-31 15:00:00,4022.98,4027.36,4020.62,4027.12,474,6,0
367,2025-10-31 15:05:00,4027.03,4029.71,4023.89,4029.3,439,10,0
368,2025-10-31 15:10:00,4029.24,4035.01,4028.9,4031.32,470,5,0
369,2025-10-31 15:15:00,4031.21,4032.02,4028.53,4029.25,422,14,0
370,2025-10-31 15:20:00,4029.05,4031.46,4026.59,4031.03,430,5,0
371,2025-10-31 15:25:00,4030.98,4031.31,4025.7,4026.67,433,5,0
372,2025-10-31 15:30:00,4027.53,4028.31,4019.56,4021.95,489,14,0
373,2025-10-31 15:35:00,4022.35,4023.99,4016.57,4019.55,467,17,0
374,2025-10-31 15:40:00,4019.62,4020.42,4013.18,4016.05,449,5,0
375,2025-10-31 15:45:00,4016.09,4022.67,4015.85,4019.1,469,13,0
376,2025-10-31 15:50:00,4019.77,4020.53,4010.25,4014.49,489,13,0
377,2025-10-31 15:55:00,4014.0,4018.18,4011.99,4017.03,454,6,0
378,2025-10-31 16:00:00,4016.64,4026.7,4016.64,4025.4,477,16,0
379,2025-10-31 16:05:00,4025.54,4027.42,4021.15,4021.31,462,15,0
380,2025-10-31 16:10:00,4021.24,4025.16,4018.36,4019.69,459,16,0
381,2025-10-31 16:15:00,4019.73,4024.98,4018.75,4024.81,454,16,0
382,2025-10-31 16:20:00,4024.81,4025.58,4018.91,4024.14,454,6,0
383,2025-10-31 16:25:00,4023.96,4024.29,4014.95,4015.66,453,5,0
384,2025-10-31 16:30:00,4015.14,4021.41,4013.03,4020.2,453,5,0
385,2025-10-31 16:35:00,4020.28,4021.33,4013.92,4016.09,434,17,0
386,2025-10-31 16:40:00,4016.11,4018.01,4014.11,4016.88,440,17,0
387,2025-10-31 16:45:00,4017.06,4017.08,4011.94,4014.35,431,17,0
388,2025-10-31 16:50:00,4014.13,4019.31,4010.7,4019.31,437,7,0
389,2025-10-31 16:55:00,4019.41,4022.37,4018.01,4020.62,445,17,0
390,2025-10-31 17:00:00,4020.61,4020.75,4009.42,4014.14,468,5,0
391,2025-10-31 17:05:00,4013.93,4015.46,4009.59,4012.82,457,15,0
392,2025-10-31 17:10:00,4012.87,4017.55,4010.22,4017.31,429,5,0
393,2025-10-31 17:15:00,4017.32,4019.61,4014.84,4016.04,432,5,0
394,2025-10-31 17:20:00,4016.02,4018.2,4015.09,4018.15,410,8,0
395,2025-10-31 17:25:00,4018.32,4019.1,4014.71,4017.89,427,16,0
396,2025-10-31 17:30:00,4017.83,4021.55,4015.99,4021.52,441,9,0
397,2025-10-31 17:35:00,4021.56,4022.44,4018.85,4019.9,435,15,0
398,2025-10-31 17:40:00,4019.93,4022.4,4017.38,4020.71,422,5,0
399,2025-10-31 17:45:00,4020.74,4021.18,4013.14,4016.7,467,7,0
400,2025-10-31 17:50:00,4016.67,4022.11,4015.75,4021.02,412,15,0
401,2025-10-31 17:55:00,4021.08,4021.31,4011.64,4012.91,445,9,0
402,2025-10-31 18:00:00,4012.88,4015.12,4005.01,4006.0,455,17,0
403,2025-10-31 18:05:00,4005.63,4007.32,3997.85,3999.02,478,14,0
404,2025-10-31 18:10:00,3999.02,3999.02,3978.53,3979.06,508,5,0
405,2025-10-31 18:15:00,3978.63,3982.44,3972.58,3978.64,542,5,0
406,2025-10-31 18:20:00,3978.18,3986.55,3977.59,3986.0,493,8,0
407,2025-10-31 18:25:00,3985.89,3989.89,3980.83,3986.15,477,13,0
408,2025-10-31 18:30:00,3985.53,3990.39,3985.3,3986.56,452,16,0
409,2025-10-31 18:35:00,3986.48,3989.25,3983.34,3987.85,463,5,0
410,2025-10-31 18:40:00,3987.71,3988.77,3981.64,3984.48,462,17,0
411,2025-10-31 18:45:00,3984.47,3986.81,3983.14,3986.31,411,5,0
412,2025-10-31 18:50:00,3986.4,3986.79,3980.54,3980.54,434,17,0
413,2025-10-31 18:55:00,3980.58,3982.99,3978.88,3980.76,441,5,0
414,2025-10-31 19:00:00,3980.95,3989.53,3980.95,3988.0,466,13,0
415,2025-10-31 19:05:00,3988.29,3989.44,3984.8,3986.17,431,5,0
416,2025-10-31 19:10:00,3986.01,3986.63,3981.76,3983.05,433,15,0
417,2025-10-31 19:15:00,3982.84,3986.37,3981.56,3983.18,394,6,0
418,2025-10-31 19:20:00,3983.2,3986.84,3982.48,3985.88,415,5,0
419,2025-10-31 19:25:00,3985.86,3987.55,3983.55,3984.64,433,16,0
420,2025-10-31 19:30:00,3984.34,3988.46,3980.75,3986.23,447,5,0
421,2025-10-31 19:35:00,3986.21,3989.37,3984.38,3988.78,426,6,0
422,2025-10-31 19:40:00,3988.89,3999.26,3988.0,3998.18,451,10,0
423,2025-10-31 19:45:00,3998.59,4003.57,3996.38,4001.02,446,16,0
424,2025-10-31 19:50:00,4000.93,4001.84,3998.01,3998.63,397,5,0
425,2025-10-31 19:55:00,3998.62,4000.05,3997.15,3997.69,396,16,0
426,2025-10-31 20:00:00,3997.7,3999.27,3995.81,3997.39,410,16,0
427,2025-10-31 20:05:00,3997.42,4001.22,3997.42,3999.34,421,14,0
428,2025-10-31 20:10:00,3999.41,4007.24,3998.83,4006.3,436,5,0
429,2025-10-31 20:15:00,4006.27,4009.69,4005.19,4008.95,429,10,0
430,2025-10-31 20:20:00,4008.8,4009.71,4007.09,4009.02,403,7,0
431,2025-10-31 20:25:00,4009.13,4010.19,4008.4,4008.61,373,5,0
432,2025-10-31 20:30:00,4008.62,4009.03,4004.89,4006.05,395,5,0
433,2025-10-31 20:35:00,4006.59,4007.05,4004.3,4005.04,385,5,0
434,2025-10-31 20:40:00,4005.04,4005.58,4002.79,4004.04,367,5,0
435,2025-10-31 20:45:00,4004.03,4006.05,4002.86,4003.3,363,5,0
436,2025-10-31 20:50:00,4003.33,4003.85,3999.44,4000.43,379,5,0
437,2025-10-31 20:55:00,4000.35,4001.88,3999.69,4000.01,373,16,0
438,2025-10-31 21:00:00,3999.97,4004.16,3999.16,4002.13,430,5,0
439,2025-10-31 21:05:00,4002.12,4005.63,4001.61,4004.09,393,16,0
440,2025-10-31 21:10:00,4004.2,4004.78,3999.6,3999.75,371,16,0
441,2025-10-31 21:15:00,3999.86,4000.34,3991.63,3991.83,452,17,0
442,2025-10-31 21:20:00,3992.15,3994.93,3991.31,3994.24,438,8,0
443,2025-10-31 21:25:00,3994.4,4002.16,3993.76,4001.7,434,5,0
444,2025-10-31 21:30:00,4001.68,4001.68,3997.34,3998.0,408,5,0
445,2025-10-31 21:35:00,3998.0,3998.22,3994.79,3996.12,423,16,0
446,2025-10-31 21:40:00,3996.08,3999.39,3996.08,3999.1,419,15,0
447,2025-10-31 21:45:00,3999.13,4000.93,3997.67,3998.15,423,16,0
448,2025-10-31 21:50:00,3998.47,3999.77,3996.16,3996.84,426,16,0
449,2025-10-31 21:55:00,3996.45,4001.79,3996.45,4001.15,433,5,0
450,2025-10-31 22:00:00,4000.92,4001.33,3997.36,3998.78,316,5,0
451,2025-10-31 22:05:00,3998.8,3998.9,3997.71,3998.15,224,5,0
452,2025-10-31 22:10:00,3998.26,3999.35,3996.19,3998.52,256,16,0
453,2025-10-31 22:15:00,3998.49,3999.39,3997.25,3997.8,287,16,0
454,2025-10-31 22:20:00,3997.82,3999.47,3997.37,3999.16,229,16,0
455,2025-10-31 22:25:00,3999.84,4002.45,3998.6,4002.2,237,5,0
456,2025-10-31 22:30:00,4002.14,4005.29,4001.85,4002.96,280,5,0
457,2025-10-31 22:35:00,4002.99,4006.13,4002.99,4005.94,236,5,0
458,2025-10-31 22:40:00,4005.95,4006.61,4003.27,4003.82,292,16,0
459,2025-10-31 22:45:00,4003.99,4004.27,4001.68,4003.01,297,6,0
460,2025-10-31 22:50:00,4002.81,4004.67,4002.03,4003.83,308,16,0
461,2025-10-31 22:55:00,4003.03,4004.34,4001.69,4002.14,99,50,0
462,2025-11-03 01:00:00,3989.66,3998.22,3983.74,3995.47,1075,15,0
463,2025-11-03 01:05:00,3995.91,3996.93,3990.06,3992.9,342,5,0
464,2025-11-03 01:10:00,3992.45,3996.39,3991.38,3996.34,273,5,0
465,2025-11-03 01:15:00,3996.18,3998.95,3992.48,3994.05,347,5,0
466,2025-11-03 01:20:00,3993.98,3994.43,3988.6,3993.6,366,5,0
467,2025-11-03 01:25:00,3993.71,3996.04,3993.71,3994.75,227,16,0
468,2025-11-03 01:30:00,3994.2,3995.82,3990.67,3991.45,247,8,0
469,2025-11-03 01:35:00,3991.45,3992.67,3984.3,3987.21,430,5,0
470,2025-11-03 01:40:00,3987.31,3987.7,3977.83,3979.32,401,16,0
471,2025-11-03 01:45:00,3979.82,3981.57,3977.82,3981.34,332,12,0
472,2025-11-03 01:50:00,3980.9,3985.16,3978.19,3981.04,368,16,0
473,2025-11-03 01:55:00,3980.88,3983.17,3978.17,3979.88,316,17,0
474,2025-11-03 02:00:00,3979.54,3987.61,3978.16,3979.93,424,17,0
475,2025-11-03 02:05:00,3980.01,3980.59,3977.87,3978.41,358,5,0
476,2025-11-03 02:10:00,3978.4,3980.13,3966.59,3968.41,366,16,0
477,2025-11-03 02:15:00,3968.34,3970.09,3963.13,3963.3,430,5,0
478,2025-11-03 02:20:00,3963.5,3973.03,3962.74,3971.07,438,5,0
479,2025-11-03 02:25:00,3971.2,3972.75,3969.75,3970.61,363,17,0
480,2025-11-03 02:30:00,3970.52,3970.57,3963.54,3966.82,382,5,0
481,2025-11-03 02:35:00,3966.89,3973.91,3966.55,3973.55,408,17,0
482,2025-11-03 02:40:00,3973.52,3977.77,3971.83,3972.75,449,16,0
483,2025-11-03 02:45:00,3972.77,3976.43,3971.4,3974.06,420,16,0
484,2025-11-03 02:50:00,3974.21,3975.82,3967.73,3968.43,385,9,0
485,2025-11-03 02:55:00,3968.35,3972.57,3968.09,3971.03,420,17,0
486,2025-11-03 03:00:00,3971.0,3973.95,3965.48,3970.09,504,16,0
487,2025-11-03 03:05:00,3969.95,3985.93,3968.94,3984.39,487,16,0
488,2025-11-03 03:10:00,3984.6,3988.96,3982.55,3986.0,475,11,0
489,2025-11-03 03:15:00,3986.1,3993.51,3986.01,3993.33,470,14,0
490,2025-11-03 03:20:00,3992.5,3992.82,3987.79,3992.17,465,16,0
491,2025-11-03 03:25:00,3992.13,3999.18,3990.07,3998.89,449,17,0
492,2025-11-03 03:30:00,3998.74,4001.8,3997.53,3999.75,444,7,0
493,2025-11-03 03:35:00,3999.77,4000.62,3994.89,3995.81,440,6,0
494,2025-11-03 03:40:00,3996.22,3996.22,3990.62,3992.21,451,5,0
495,2025-11-03 03:45:00,3992.12,3995.48,3990.21,3992.78,439,17,0
496,2025-11-03 03:50:00,3992.91,3997.03,3992.58,3996.28,427,5,0
497,2025-11-03 03:55:00,3996.28,4000.14,3995.83,3995.83,419,5,0
498,2025-11-03 04:00:00,3996.17,3998.55,3992.43,3993.28,412,11,0
499,2025-11-03 04:05:00,3993.01,3993.65,3990.37,3992.06,395,5,0
500,2025-11-03 04:10:00,3992.03,3996.01,3990.72,3995.13,408,17,0
501,2025-11-03 04:15:00,3995.35,3999.59,3995.35,3999.59,345,17,0
502,2025-11-03 04:20:00,3999.63,4006.54,3998.57,3999.04,457,16,0
503,2025-11-03 04:25:00,3998.88,3999.53,3995.55,3995.55,366,17,0
504,2025-11-03 04:30:00,3995.58,4001.12,3995.0,3998.6,405,17,0
505,2025-11-03 04:35:00,3998.67,4000.7,3997.07,4000.7,382,17,0
506,2025-11-03 04:40:00,4000.85,4006.21,4000.45,4001.67,427,16,0
507,2025-11-03 04:45:00,4001.69,4003.94,3999.22,3999.8,413,16,0
508,2025-11-03 04:50:00,3999.77,4001.27,3998.21,4000.51,382,16,0
509,2025-11-03 04:55:00,4000.92,4005.67,3999.01,4004.06,371,16,0
510,2025-11-03 05:00:00,4004.16,4011.67,4002.37,4007.78,442,5,0
511,2025-11-03 05:05:00,4007.82,4008.72,4003.2,4005.72,395,5,0
512,2025-11-03 05:10:00,4005.73,4010.1,4005.5,4007.59,415,5,0
513,2025-11-03 05:15:00,4007.62,4010.33,4007.52,4008.47,385,5,0
514,2025-11-03 05:20:00,4008.45,4010.31,4007.2,4008.68,367,17,0
515,2025-11-03 05:25:00,4008.78,4009.73,4006.0,4006.3,376,5,0
516,2025-11-03 05:30:00,4006.28,4010.31,4005.71,4010.25,343,14,0
517,2025-11-03 05:35:00,4010.27,4013.06,4008.52,4012.21,374,16,0
518,2025-11-03 05:40:00,4012.03,4013.33,4010.68,4010.79,350,16,0
519,2025-11-03 05:45:00,4010.92,4013.17,4010.9,4013.0,293,16,0
520,2025-11-03 05:50:00,4013.01,4014.18,4011.49,4013.47,312,11,0
521,2025-11-03 05:55:00,4013.47,4015.6,4011.03,4011.03,379,17,0
522,2025-11-03 06:00:00,4011.04,4013.43,4007.68,4007.96,350,17,0
523,2025-11-03 06:05:00,4008.21,4014.55,4006.84,4013.35,427,17,0
524,2025-11-03 06:10:00,4013.14,4013.8,4009.34,4009.76,364,5,0
525,2025-11-03 06:15:00,4009.48,4009.9,4005.05,4005.27,333,17,0
526,2025-11-03 06:20:00,4005.31,4007.22,4003.32,4003.81,398,7,0
527,2025-11-03 06:25:00,4003.92,4005.54,4001.67,4005.4,402,17,0
528,2025-11-03 06:30:00,4005.38,4005.81,4002.47,4004.98,312,5,0
529,2025-11-03 06:35:00,4004.99,4006.27,4003.42,4005.69,283,17,0
530,2025-11-03 06:40:00,4005.38,4007.72,4005.13,4006.91,361,17,0
531,2025-11-03 06:45:00,4006.91,4007.5,4004.45,4005.33,316,16,0
532,2025-11-03 06:50:00,4005.29,4006.24,4003.16,4005.5,296,5,0
533,2025-11-03 06:55:00,4005.54,4005.6,4002.74,4003.67,239,16,0
534,2025-11-03 07:00:00,4003.64,4004.3,3997.63,3999.55,314,16,0
535,2025-11-03 07:05:00,3999.65,4008.07,3997.66,4007.6,425,17,0
536,2025-11-03 07:10:00,4007.74,4010.16,4005.9,4007.15,416,16,0
537,2025-11-03 07:15:00,4007.21,4008.23,4005.19,4006.83,318,16,0
538,2025-11-03 07:20:00,4006.82,4007.74,4005.16,4007.65,301,16,0
539,2025-11-03 07:25:00,4007.71,4012.57,4007.71,4012.1,357,16,0
540,2025-11-03 07:30:00,4012.02,4018.82,4012.02,4014.51,443,8,0
541,2025-11-03 07:35:00,4014.44,4015.38,4012.13,4014.35,381,6,0
542,2025-11-03 07:40:00,4014.36,4016.51,4014.35,4014.93,351,17,0
543,2025-11-03 07:45:00,4014.98,4015.31,4013.05,4014.9,301,17,0
544,2025-11-03 07:50:00,4014.88,4016.84,4014.3,4016.07,349,17,0
545,2025-11-03 07:55:00,4016.08,4016.37,4011.32,4014.07,340,16,0
546,2025-11-03 08:00:00,4014.16,4017.09,4012.91,4013.94,405,16,0
547,2025-11-03 08:05:00,4013.78,4015.53,4010.21,4015.06,377,17,0
548,2025-11-03 08:10:00,4015.04,4016.26,4013.58,4014.49,354,17,0
549,2025-11-03 08:15:00,4014.48,4018.53,4013.33,4017.33,357,16,0
550,2025-11-03 08:20:00,4017.33,4018.66,4013.58,4017.93,377,16,0
551,2025-11-03 08:25:00,4017.91,4018.45,4013.92,4016.23,385,16,0
552,2025-11-03 08:30:00,4016.23,4016.54,4013.19,4015.05,361,17,0
553,2025-11-03 08:35:00,4014.94,4016.86,4014.08,4016.27,343,17,0
554,2025-11-03 08:40:00,4016.27,4018.01,4015.56,4015.57,361,17,0
555,2025-11-03 08:45:00,4015.58,4016.94,4013.92,4016.89,337,16,0
556,2025-11-03 08:50:00,4016.9,4018.46,4015.61,4017.23,349,16,0
557,2025-11-03 08:55:00,4017.25,4018.33,4014.35,4017.44,367,5,0
558,2025-11-03 09:00:00,4017.3,4023.65,4015.99,4022.03,429,12,0
559,2025-11-03 09:05:00,4021.6,4022.29,4017.77,4020.21,373,5,0
560,2025-11-03 09:10:00,4020.16,4020.16,4015.08,4015.45,386,17,0
561,2025-11-03 09:15:00,4015.59,4016.51,4013.5,4015.22,377,16,0
562,2025-11-03 09:20:00,4015.23,4018.0,4014.9,4015.76,308,17,0
563,2025-11-03 09:25:00,4015.79,4020.47,4015.74,4019.04,323,5,0
564,2025-11-03 09:30:00,4018.43,4019.98,4015.82,4017.63,350,17,0
565,2025-11-03 09:35:00,4018.01,4023.11,4017.68,4020.91,387,16,0
566,2025-11-03 09:40:00,4020.9,4023.16,4020.75,4022.0,366,5,0
567,2025-11-03 09:45:00,4022.12,4023.03,4020.8,4022.54,359,16,0
568,2025-11-03 09:50:00,4022.7,4026.05,4022.54,4023.22,422,16,0
569,2025-11-03 09:55:00,4023.25,4025.67,4022.18,4025.19,408,16,0
570,2025-11-03 10:00:00,4025.21,4027.14,4025.21,4026.8,413,16,0
571,2025-11-03 10:05:00,4026.72,4027.67,4024.03,4025.72,390,16,0
572,2025-11-03 10:10:00,4025.72,4026.99,4020.72,4021.58,412,17,0
573,2025-11-03 10:15:00,4021.58,4023.92,4018.81,4019.73,426,7,0
574,2025-11-03 10:20:00,4019.72,4020.23,4016.2,4016.56,394,13,0
575,2025-11-03 10:25:00,4016.57,4017.09,4011.24,4014.43,447,16,0
576,2025-11-03 10:30:00,4014.44,4016.46,4012.39,4013.63,397,16,0
577,2025-11-03 10:35:00,4013.61,4016.77,4013.55,4014.45,428,16,0
578,2025-11-03 10:40:00,4014.49,4017.71,4012.55,4016.64,415,16,0
579,2025-11-03 10:45:00,4016.7,4017.06,4013.15,4016.86,416,16,0
580,2025-11-03 10:50:00,4016.88,4018.36,4014.68,4015.8,415,5,0
581,2025-11-03 10:55:00,4015.93,4020.7,4015.38,4019.77,399,6,0
582,2025-11-03 11:00:00,4019.99,4020.44,4016.61,4019.6,397,16,0
583,2025-11-03 11:05:00,4019.4,4025.86,4019.24,4025.32,396,15,0
584,2025-11-03 11:10:00,4025.38,4025.63,4021.35,4021.65,434,17,0
585,2025-11-03 11:15:00,4021.62,4022.15,4015.94,4017.54,435,16,0
586,2025-11-03 11:20:00,4017.2,4019.61,4014.29,4014.67,432,16,0
587,2025-11-03 11:25:00,4014.72,4014.72,4005.26,4007.58,449,9,0
588,2025-11-03 11:30:00,4007.57,4008.16,4001.25,4003.26,455,5,0
589,2025-11-03 11:35:00,4003.2,4005.39,4002.72,4003.45,426,10,0
590,2025-11-03 11:40:00,4003.26,4003.81,3996.12,3997.21,457,12,0
591,2025-11-03 11:45:00,3996.94,4001.09,3993.48,4000.64,457,17,0
592,2025-11-03 11:50:00,4000.67,4005.06,4000.27,4002.61,453,15,0
593,2025-11-03 11:55:00,4002.62,4003.66,4000.43,4000.76,390,17,0
594,2025-11-03 12:00:00,4000.8,4004.77,3996.66,3996.66,410,10,0
595,2025-11-03 12:05:00,3996.68,3998.14,3994.72,3996.38,436,16,0
596,2025-11-03 12:10:00,3996.46,3999.47,3995.77,3997.55,386,16,0
597,2025-11-03 12:15:00,3997.26,3999.24,3996.69,3998.09,368,5,0
598,2025-11-03 12:20:00,3998.05,3998.87,3996.24,3996.87,391,16,0
599,2025-11-03 12:25:00,3996.89,4000.83,3996.65,3997.89,400,16,0
600,2025-11-03 12:30:00,3997.5,3998.35,3994.55,3998.35,412,5,0
601,2025-11-03 12:35:00,3998.38,4000.93,3997.82,3998.84,365,13,0
602,2025-11-03 12:40:00,3998.7,4000.1,3997.16,3998.01,364,16,0
603,2025-11-03 12:45:00,3997.99,3998.29,3994.32,3996.14,415,16,0
604,2025-11-03 12:50:00,3996.31,3998.27,3995.75,3997.01,331,16,0
605,2025-11-03 12:55:00,3996.9,3999.45,3996.9,3999.05,341,16,0
606,2025-11-03 13:00:00,3998.98,3999.74,3994.2,3998.16,404,17,0
607,2025-11-03 13:05:00,3998.58,4000.26,3997.12,3999.49,384,6,0
608,2025-11-03 13:10:00,3999.68,4002.29,3998.75,4000.52,387,16,0
609,2025-11-03 13:15:00,4000.39,4004.28,3998.82,4002.83,410,16,0
610,2025-11-03 13:20:00,4002.8,4005.08,4000.83,4004.79,404,17,0
611,2025-11-03 13:25:00,4004.75,4007.08,4003.45,4006.28,399,10,0
612,2025-11-03 13:30:00,4006.55,4006.92,4003.17,4003.84,385,16,0
613,2025-11-03 13:35:00,4003.84,4006.76,4003.01,4005.09,396,17,0
614,2025-11-03 13:40:00,4005.1,4006.17,4003.21,4005.46,364,16,0
615,2025-11-03 13:45:00,4005.21,4008.49,4004.48,4006.75,363,16,0
616,2025-11-03 13:50:00,4006.8,4008.51,4005.92,4006.71,346,15,0
617,2025-11-03 13:55:00,4006.71,4007.69,4005.42,4007.58,362,16,0
618,2025-11-03 14:00:00,4007.62,4008.52,4004.84,4005.42,385,5,0
619,2025-11-03 14:05:00,4005.19,4007.13,4004.72,4006.16,349,16,0
620,2025-11-03 14:10:00,4006.26,4008.56,4006.13,4007.16,361,5,0
621,2025-11-03 14:15:00,4007.17,4007.63,4005.9,4006.63,333,16,0
622,2025-11-03 14:20:00,4006.49,4006.68,4001.66,4006.32,401,14,0
623,2025-11-03 14:25:00,4006.6,4006.62,4004.51,4005.12,327,17,0
624,2025-11-03 14:30:00,4005.15,4010.58,4003.7,4009.32,394,16,0
625,2025-11-03 14:35:00,4009.27,4011.12,4007.82,4009.8,394,8,0
626,2025-11-03 14:40:00,4009.83,4009.88,4007.98,4008.25,319,7,0
627,2025-11-03 14:45:00,4008.31,4013.24,4007.49,4011.99,400,6,0
628,2025-11-03 14:50:00,4012.02,4012.56,4009.5,4011.4,373,7,0
629,2025-11-03 14:55:00,4011.43,4013.39,4010.48,4013.12,391,16,0
630,2025-11-03 15:00:00,4013.12,4017.76,4011.55,4014.67,445,16,0
631,2025-11-03 15:05:00,4014.26,4015.43,4012.37,4013.91,411,5,0
632,2025-11-03 15:10:00,4013.87,4018.18,4013.37,4015.44,439,17,0
633,2025-11-03 15:15:00,4015.36,4018.33,4014.85,4018.24,420,16,0
634,2025-11-03 15:20:00,4018.17,4019.45,4015.16,4015.98,440,16,0
635,2025-11-03 15:25:00,4015.96,4017.75,4013.99,4014.4,450,5,0
636,2025-11-03 15:30:00,4014.42,4016.25,4010.66,4015.69,442,11,0
637,2025-11-03 15:35:00,4015.33,4020.67,4015.33,4018.09,427,5,0
638,2025-11-03 15:40:00,4018.12,4018.93,4016.02,4017.25,429,16,0
639,2025-11-03 15:45:00,4017.3,4018.14,4015.49,4016.51,417,16,0
640,2025-11-03 15:50:00,4016.58,4017.62,4015.41,4016.85,400,12,0
641,2025-11-03 15:55:00,4016.77,4017.8,4014.7,4016.08,393,16,0
642,2025-11-03 16:00:00,4015.86,4020.73,4014.83,4016.72,449,11,0
643,2025-11-03 16:05:00,4016.35,4018.02,4012.76,4013.45,428,15,0
644,2025-11-03 16:10:00,4013.93,4016.98,4012.83,4016.18,406,16,0
645,2025-11-03 16:15:00,4016.33,4018.11,4014.48,4015.82,404,9,0
646,2025-11-03 16:20:00,4015.81,4020.42,4015.39,4016.44,430,17,0
647,2025-11-03 16:25:00,4016.93,4017.72,4009.52,4010.19,416,10,0
648,2025-11-03 16:30:00,4010.02,4011.91,4001.84,4008.89,478,16,0
649,2025-11-03 16:35:00,4008.89,4013.79,4006.91,4009.99,467,5,0
650,2025-11-03 16:40:00,4010.01,4013.26,4009.03,4012.49,450,8,0
651,2025-11-03 16:45:00,4013.26,4024.7,4013.04,4020.66,473,6,0
652,2025-11-03 16:50:00,4020.53,4025.94,4020.19,4023.96,477,17,0
653,2025-11-03 16:55:00,4023.88,4025.95,4021.85,4022.53,444,16,0
654,2025-11-03 17:00:00,4023.12,4030.74,4023.12,4026.9,498,16,0
655,2025-11-03 17:05:00,4026.78,4027.63,4023.51,4025.72,476,16,0
656,2025-11-03 17:10:00,4025.53,4030.57,4023.96,4027.03,480,16,0
657,2025-11-03 17:15:00,4026.93,4028.48,4024.78,4027.47,461,16,0
658,2025-11-03 17:20:00,4027.58,4027.99,4017.94,4018.28,458,13,0
659,2025-11-03 17:25:00,4018.22,4019.92,4009.02,4011.24,498,16,0
660,2025-11-03 17:30:00,4011.03,4014.64,4009.39,4013.22,489,17,0
661,2025-11-03 17:35:00,4012.97,4018.2,4006.29,4017.42,489,8,0
662,2025-11-03 17:40:00,4016.91,4022.64,4015.36,4021.35,447,5,0
663,2025-11-03 17:45:00,4021.24,4023.72,4017.47,4019.04,460,17,0
664,2025-11-03 17:50:00,4019.63,4019.63,4009.64,4010.33,472,11,0
665,2025-11-03 17:55:00,4010.33,4013.02,4003.71,4008.34,463,5,0
666,2025-11-03 18:00:00,4008.47,4013.33,4007.21,4011.83,450,16,0
667,2025-11-03 18:05:00,4011.79,4012.85,4003.39,4007.02,440,16,0
668,2025-11-03 18:10:00,4007.05,4008.24,4001.81,4004.76,456,16,0
669,2025-11-03 18:15:00,4004.32,4005.19,3995.29,3999.95,461,9,0
670,2025-11-03 18:20:00,3999.93,4005.26,3997.8,3998.82,449,16,0
671,2025-11-03 18:25:00,3998.57,4001.49,3997.15,3998.03,425,17,0
672,2025-11-03 18:30:00,3997.84,3999.66,3995.93,3996.5,441,13,0
673,2025-11-03 18:35:00,3996.52,4004.18,3996.49,4001.91,444,12,0
674,2025-11-03 18:40:00,4001.97,4004.49,4001.97,4003.74,400,11,0
675,2025-11-03 18:45:00,4003.69,4009.04,4001.86,4008.61,417,5,0
676,2025-11-03 18:50:00,4008.53,4009.28,4006.62,4009.02,386,7,0
677,2025-11-03 18:55:00,4008.94,4009.57,4006.5,4008.28,405,13,0
678,2025-11-03 19:00:00,4008.26,4009.88,4006.48,4006.54,395,16,0
679,2025-11-03 19:05:00,4006.41,4008.27,4003.86,4004.78,408,10,0
680,2025-11-03 19:10:00,4004.87,4009.66,4003.54,4008.05,390,16,0
681,2025-11-03 19:15:00,4008.09,4009.51,4006.82,4009.36,387,17,0
682,2025-11-03 19:20:00,4009.4,4012.08,4009.17,4010.23,414,5,0
683,2025-11-03 19:25:00,4010.15,4010.69,4006.77,4006.94,393,5,0
684,2025-11-03 19:30:00,4006.95,4007.44,4004.9,4006.11,379,16,0
685,2025-11-03 19:35:00,4006.23,4007.26,4005.41,4005.7,354,5,0
686,2025-11-03 19:40:00,4005.66,4006.72,4004.41,4005.82,352,17,0
687,2025-11-03 19:45:00,4005.68,4007.67,4005.25,4006.55,368,17,0
688,2025-11-03 19:50:00,4006.64,4007.36,4005.58,4006.76,313,17,0
689,2025-11-03 19:55:00,4006.75,4007.18,4006.18,4006.19,320,15,0
690,2025-11-03 20:00:00,4006.19,4006.91,4004.31,4004.58,352,16,0
691,2025-11-03 20:05:00,4004.68,4006.57,4003.7,4004.51,345,17,0
692,2025-11-03 20:10:00,4004.48,4004.82,4001.64,4002.93,367,16,0
693,2025-11-03 20:15:00,4002.94,4003.91,4001.33,4001.75,389,17,0
694,2025-11-03 20:20:00,4001.85,4002.7,3999.69,4001.8,385,5,0
695,2025-11-03 20:25:00,4001.89,4002.75,3999.64,4001.23,400,17,0
696,2025-11-03 20:30:00,4001.28,4009.26,4001.17,4009.12,405,9,0
697,2025-11-03 20:35:00,4009.0,4009.73,4006.49,4007.69,351,16,0
698,2025-11-03 20:40:00,4007.52,4009.62,4007.22,4008.4,337,16,0
699,2025-11-03 20:45:00,4008.44,4008.58,4004.66,4005.13,352,16,0
700,2025-11-03 20:50:00,4005.15,4005.98,4003.5,4005.23,348,17,0
701,2025-11-03 20:55:00,4005.18,4007.43,4004.7,4006.8,341,17,0
702,2025-11-03 21:00:00,4006.88,4008.31,3996.04,3997.63,438,9,0
703,2025-11-03 21:05:00,3997.72,4002.56,3994.68,4000.55,449,16,0
704,2025-11-03 21:10:00,4000.4,4003.78,4000.06,4003.47,410,17,0
705,2025-11-03 21:15:00,4003.47,4005.91,4001.71,4002.7,423,17,0
706,2025-11-03 21:20:00,4002.98,4006.03,4002.94,4004.43,409,17,0
707,2025-11-03 21:25:00,4004.49,4005.17,4003.28,4004.19,364,17,0
708,2025-11-03 21:30:00,4003.98,4005.03,4002.15,4002.79,386,17,0
709,2025-11-03 21:35:00,4002.58,4002.89,4000.98,4002.76,378,13,0
710,2025-11-03 21:40:00,4002.8,4003.14,4000.6,4000.62,380,9,0
711,2025-11-03 21:45:00,4000.64,4003.45,3999.73,4003.45,382,17,0
712,2025-11-03 21:50:00,4003.4,4007.66,4002.49,4007.26,425,17,0
713,2025-11-03 21:55:00,4007.35,4007.49,4003.46,4004.72,416,16,0
714,2025-11-03 22:00:00,4004.74,4010.2,4004.73,4010.19,395,8,0
715,2025-11-03 22:05:00,4010.38,4012.27,4007.95,4008.53,378,16,0
716,2025-11-03 22:10:00,4008.47,4010.2,4008.1,4010.2,348,16,0
717,2025-11-03 22:15:00,4010.29,4012.46,4009.95,4011.45,398,11,0
718,2025-11-03 22:20:00,4011.34,4014.79,4010.96,4011.18,392,5,0
719,2025-11-03 22:25:00,4011.09,4012.24,4009.5,4011.53,367,9,0
720,2025-11-03 22:30:00,4011.41,4012.06,4009.81,4009.98,372,5,0
721,2025-11-03 22:35:00,4009.96,4010.15,4009.16,4009.46,343,5,0
722,2025-11-03 22:40:00,4009.4,4010.31,4007.24,4009.27,376,16,0
723,2025-11-03 22:45:00,4009.32,4009.83,4008.04,4009.04,361,16,0
724,2025-11-03 22:50:00,4009.17,4012.08,4009.17,4011.6,367,16,0
725,2025-11-03 22:55:00,4011.75,4012.0,4009.16,4010.21,376,5,0
726,2025-11-03 23:00:00,4009.78,4009.98,4007.54,4009.46,285,16,0
727,2025-11-03 23:05:00,4009.38,4009.88,4005.27,4006.21,239,16,0
728,2025-11-03 23:10:00,4006.2,4006.41,4004.38,4004.75,242,16,0
729,2025-11-03 23:15:00,4005.0,4005.75,4004.12,4004.21,187,13,0
730,2025-11-03 23:20:00,4004.23,4004.46,4001.65,4004.05,330,16,0
731,2025-11-03 23:25:00,4004.07,4004.07,4001.03,4001.91,274,17,0
732,2025-11-03 23:30:00,4001.89,4002.56,4000.34,4002.1,282,17,0
733,2025-11-03 23:35:00,4001.82,4002.79,4001.4,4002.79,162,18,0
734,2025-11-03 23:40:00,4002.53,4002.53,4001.18,4001.18,200,17,0
735,2025-11-03 23:45:00,4001.22,4001.95,4000.72,4001.64,173,17,0
736,2025-11-03 23:50:00,4001.65,4001.88,4001.33,4001.72,142,17,0
737,2025-11-03 23:55:00,4001.39,4001.39,3999.71,4001.21,102,50,0
738,2025-11-04 01:00:00,4001.56,4005.77,4001.12,4004.9,399,15,0
739,2025-11-04 01:05:00,4004.9,4004.9,3995.81,3998.36,305,15,0
740,2025-11-04 01:10:00,3998.22,3998.8,3980.98,3988.15,380,8,0
741,2025-11-04 01:15:00,3987.92,3992.49,3987.92,3991.27,357,5,0
742,2025-11-04 01:20:00,3991.42,3995.56,3990.29,3995.15,323,17,0
743,2025-11-04 01:25:00,3995.16,3997.35,3993.23,3995.75,304,16,0
744,2025-11-04 01:30:00,3995.9,3999.72,3994.43,3998.32,336,16,0
745,2025-11-04 01:35:00,3998.31,3999.91,3996.05,3996.66,350,16,0
746,2025-11-04 01:40:00,3996.72,3998.05,3995.2,3998.05,304,7,0
747,2025-11-04 01:45:00,3998.1,3999.82,3992.71,3996.93,415,16,0
748,2025-11-04 01:50:00,3996.53,3998.7,3995.94,3998.11,320,17,0
749,2025-11-04 01:55:00,3998.18,3999.34,3997.26,3997.67,263,17,0
750,2025-11-04 02:00:00,3997.7,3998.79,3991.02,3991.66,411,17,0
751,2025-11-04 02:05:00,3991.7,3997.67,3990.3,3996.87,425,8,0
752,2025-11-04 02:10:00,3996.64,3998.13,3994.23,3994.79,383,16,0
753,2025-11-04 02:15:00,3994.91,3999.3,3994.79,3996.95,379,17,0
754,2025-11-04 02:20:00,3996.95,3997.82,3996.2,3996.68,314,17,0
755,2025-11-04 02:25:00,3996.68,3996.92,3992.4,3993.0,356,17,0
756,2025-11-04 02:30:00,3993.18,3993.9,3990.2,3991.7,381,17,0
757,2025-11-04 02:35:00,3991.61,3991.83,3982.93,3984.24,464,5,0
758,2025-11-04 02:40:00,3984.42,3984.77,3977.83,3979.88,468,16,0
759,2025-11-04 02:45:00,3979.92,3989.05,3979.82,3988.79,474,17,0
760,2025-11-04 02:50:00,3988.69,3988.79,3984.93,3985.65,447,16,0
761,2025-11-04 02:55:00,3985.89,3988.45,3985.48,3986.48,431,16,0
762,2025-11-04 03:00:00,3986.47,3992.75,3984.92,3991.37,481,16,0
763,2025-11-04 03:05:00,3991.3,3992.02,3986.5,3987.28,462,5,0
764,2025-11-04 03:10:00,3987.65,3991.55,3986.15,3990.24,439,16,0
765,2025-11-04 03:15:00,3990.07,3994.54,3989.49,3990.23,424,16,0
766,2025-11-04 03:20:00,3990.21,3990.99,3985.06,3986.74,455,16,0
767,2025-11-04 03:25:00,3986.7,3986.81,3980.86,3985.15,454,16,0
768,2025-11-04 03:30:00,3985.34,3985.34,3979.63,3983.47,473,16,0
769,2025-11-04 03:35:00,3983.43,3986.28,3979.67,3986.11,447,16,0
770,2025-11-04 03:40:00,3986.13,3987.99,3985.5,3987.29,387,16,0
771,2025-11-04 03:45:00,3987.39,3987.81,3985.04,3986.1,395,16,0
772,2025-11-04 03:50:00,3986.07,3990.16,3985.78,3988.93,416,9,0
773,2025-11-04 03:55:00,3988.86,3990.06,3987.07,3987.42,415,16,0
774,2025-11-04 04:00:00,3987.38,3987.38,3975.51,3978.57,465,16,0
775,2025-11-04 04:05:00,3978.52,3982.27,3977.0,3977.0,406,16,0
776,2025-11-04 04:10:00,3977.11,3979.49,3976.09,3977.18,411,13,0
777,2025-11-04 04:15:00,3977.14,3982.02,3977.14,3979.98,362,16,0
778,2025-11-04 04:20:00,3979.96,3981.86,3978.26,3980.42,357,17,0
779,2025-11-04 04:25:00,3980.43,3984.07,3980.23,3983.89,325,17,0
780,2025-11-04 04:30:00,3983.98,3985.39,3977.49,3980.46,441,17,0
781,2025-11-04 04:35:00,3980.48,3983.73,3978.92,3982.72,407,5,0
782,2025-11-04 04:40:00,3982.7,3984.27,3980.78,3983.35,384,5,0
783,2025-11-04 04:45:00,3983.35,3984.31,3976.35,3976.52,402,5,0
784,2025-11-04 04:50:00,3976.79,3982.35,3975.72,3981.95,438,5,0
785,2025-11-04 04:55:00,3981.94,3986.74,3981.91,3986.71,410,5,0
786,2025-11-04 05:00:00,3987.02,3989.62,3982.85,3983.33,409,16,0
787,2025-11-04 05:05:00,3983.35,3987.18,3981.66,3986.98,380,16,0
788,2025-11-04 05:10:00,3986.99,3990.39,3986.99,3988.32,376,16,0
789,2025-11-04 05:15:00,3988.31,3989.26,3984.96,3986.64,369,16,0
790,2025-11-04 05:20:00,3986.6,3991.42,3986.58,3991.42,364,11,0
791,2025-11-04 05:25:00,3990.82,3993.94,3990.57,3992.88,330,16,0
792,2025-11-04 05:30:00,3992.7,3997.65,3992.7,3995.38,413,5,0
793,2025-11-04 05:35:00,3995.44,3999.38,3995.05,3998.4,400,16,0
794,2025-11-04 05:40:00,3998.39,3998.54,3990.95,3992.16,410,16,0
795,2025-11-04 05:45:00,3992.23,3994.52,3991.04,3992.14,345,17,0
796,2025-11-04 05:50:00,3992.12,3994.99,3991.99,3994.8,357,17,0
797,2025-11-04 05:55:00,3994.84,3995.39,3993.06,3994.66,358,17,0
798,2025-11-04 06:00:00,3994.52,3995.19,3991.02,3991.26,352,16,0
799,2025-11-04 06:05:00,3991.37,3993.96,3990.21,3991.95,393,16,0
800,2025-11-04 06:10:00,3991.91,3991.97,3988.24,3988.75,349,16,0
801,2025-11-04 06:15:00,3988.76,3990.51,3987.95,3990.51,336,17,0
802,2025-11-04 06:20:00,3990.61,3991.78,3989.35,3990.8,297,17,0
803,2025-11-04 06:25:00,3990.79,3992.98,3989.81,3991.89,365,17,0
804,2025-11-04 06:30:00,3991.75,3993.38,3991.36,3991.55,391,17,0
805,2025-11-04 06:35:00,3991.77,3992.56,3990.42,3991.26,403,16,0
806,2025-11-04 06:40:00,3991.24,3991.24,3988.03,3988.24,287,16,0
807,2025-11-04 06:45:00,3988.18,3988.98,3983.58,3985.97,397,16,0
808,2025-11-04 06:50:00,3985.98,3990.41,3985.95,3990.3,372,17,0
809,2025-11-04 06:55:00,3990.34,3991.38,3984.82,3985.51,371,16,0
810,2025-11-04 07:00:00,3985.09,3986.76,3982.3,3984.31,375,14,0
811,2025-11-04 07:05:00,3984.26,3984.6,3980.83,3983.67,372,7,0
812,2025-11-04 07:10:00,3983.67,3986.63,3983.47,3983.82,365,17,0
813,2025-11-04 07:15:00,3983.82,3986.39,3983.74,3984.39,313,17,0
814,2025-11-04 07:20:00,3984.44,3985.59,3983.33,3984.8,343,17,0
815,2025-11-04 07:25:00,3984.72,3986.93,3982.94,3983.04,363,16,0
816,2025-11-04 07:30:00,3983.01,3985.57,3978.44,3979.38,425,16,0
817,2025-11-04 07:35:00,3979.67,3982.46,3977.91,3980.28,412,12,0
818,2025-11-04 07:40:00,3980.44,3981.36,3975.99,3976.4,438,17,0
819,2025-11-04 07:45:00,3976.43,3981.34,3973.55,3979.61,456,5,0
820,2025-11-04 07:50:00,3979.7,3981.63,3976.66,3980.53,436,17,0
821,2025-11-04 07:55:00,3980.42,3980.76,3973.08,3973.45,428,17,0
822,2025-11-04 08:00:00,3973.44,3974.23,3968.59,3971.9,455,5,0
823,2025-11-04 08:05:00,3971.8,3974.52,3966.91,3972.91,438,16,0
824,2025-11-04 08:10:00,3972.59,3975.2,3969.03,3974.55,432,13,0
825,2025-11-04 08:15:00,3974.58,3976.03,3973.13,3974.9,406,14,0
826,2025-11-04 08:20:00,3974.88,3974.88,3968.65,3969.72,421,16,0
827,2025-11-04 08:25:00,3969.55,3976.08,3969.46,3975.62,418,5,0
828,2025-11-04 08:30:00,3975.73,3978.71,3973.78,3977.21,441,16,0
829,2025-11-04 08:35:00,3977.12,3978.44,3975.39,3978.15,393,5,0
830,2025-11-04 08:40:00,3978.23,3980.83,3977.98,3979.47,423,16,0
831,2025-11-04 08:45:00,3979.48,3982.82,3977.69,3979.58,423,16,0
832,2025-11-04 08:50:00,3979.46,3984.71,3979.37,3984.57,417,8,0
833,2025-11-04 08:55:00,3984.59,3987.82,3984.59,3985.24,417,17,0
834,2025-11-04 09:00:00,3985.23,3986.19,3982.33,3985.83,418,16,0
835,2025-11-04 09:05:00,3985.83,3988.32,3984.31,3986.71,415,5,0
836,2025-11-04 09:10:00,3986.75,3990.0,3985.33,3987.1,434,17,0
837,2025-11-04 09:15:00,3987.29,3992.09,3985.76,3990.86,426,5,0
838,2025-11-04 09:20:00,3990.73,3996.34,3989.92,3990.02,420,16,0
839,2025-11-04 09:25:00,3990.15,3995.49,3989.66,3993.99,415,16,0
840,2025-11-04 09:30:00,3994.07,3995.77,3992.38,3993.03,409,6,0
841,2025-11-04 09:35:00,3993.07,3993.92,3990.54,3991.04,356,16,0
842,2025-11-04 09:40:00,3991.03,3994.33,3990.48,3991.74,351,16,0
843,2025-11-04 09:45:00,3991.45,3995.66,3991.12,3995.62,374,16,0
844,2025-11-04 09:50:00,3995.34,3996.17,3993.46,3994.43,358,17,0
845,2025-11-04 09:55:00,3994.37,3995.62,3992.87,3993.95,343,17,0
846,2025-11-04 10:00:00,3994.17,3998.32,3993.27,3997.98,426,17,0
847,2025-11-04 10:05:00,3998.2,3999.24,3994.04,3997.21,418,12,0
848,2025-11-04 10:10:00,3996.92,3997.0,3991.56,3991.69,390,16,0
849,2025-11-04 10:15:00,3991.7,3995.62,3990.59,3993.57,392,16,0
850,2025-11-04 10:20:00,3993.54,3998.06,3992.44,3995.17,432,16,0
851,2025-11-04 10:25:00,3995.33,4000.69,3995.33,3999.89,423,5,0
852,2025-11-04 10:30:00,3999.85,4000.42,3995.24,3998.56,428,17,0
853,2025-11-04 10:35:00,3998.55,4000.2,3996.56,3997.26,390,17,0
854,2025-11-04 10:40:00,3997.2,3999.23,3996.72,3999.05,345,17,0
855,2025-11-04 10:45:00,3999.11,4000.22,3997.66,3998.1,374,17,0
856,2025-11-04 10:50:00,3998.35,3999.95,3995.59,3996.71,410,16,0
857,2025-11-04 10:55:00,3996.7,3997.91,3995.9,3996.04,371,16,0
858,2025-11-04 11:00:00,3995.81,3997.29,3994.93,3996.03,399,16,0
859,2025-11-04 11:05:00,3996.06,3997.78,3992.28,3993.09,392,16,0
860,2025-11-04 11:10:00,3993.13,3995.2,3991.14,3991.75,385,5,0
861,2025-11-04 11:15:00,3991.7,3993.58,3991.24,3991.78,354,5,0
862,2025-11-04 11:20:00,3991.78,3994.39,3991.75,3993.57,383,5,0
863,2025-11-04 11:25:00,3993.58,3994.73,3991.56,3991.94,371,16,0
864,2025-11-04 11:30:00,3991.91,3998.99,3991.72,3998.46,416,16,0
865,2025-11-04 11:35:00,3998.64,3999.38,3995.87,3997.99,383,11,0
866,2025-11-04 11:40:00,3997.88,3999.11,3995.59,3997.08,351,5,0
867,2025-11-04 11:45:00,3997.08,3997.73,3992.8,3993.69,408,5,0
868,2025-11-04 11:50:00,3993.72,3995.11,3991.48,3993.24,392,11,0
869,2025-11-04 11:55:00,3993.21,3993.48,3990.35,3991.17,404,16,0
870,2025-11-04 12:00:00,3991.13,3991.13,3985.87,3988.48,433,7,0
871,2025-11-04 12:05:00,3988.55,3990.41,3986.13,3990.4,405,5,0
872,2025-11-04 12:10:00,3990.37,3994.63,3989.56,3994.58,410,16,0
873,2025-11-04 12:15:00,3994.88,3996.78,3993.06,3994.07,390,17,0
874,2025-11-04 12:20:00,3994.14,3994.22,3991.21,3991.7,379,5,0
875,2025-11-04 12:25:00,3991.72,3993.62,3991.68,3992.05,361,16,0
876,2025-11-04 12:30:00,3991.29,3994.62,3990.86,3992.21,375,5,0
877,2025-11-04 12:35:00,3992.19,3995.86,3992.19,3994.95,388,5,0
878,2025-11-04 12:40:00,3994.96,3997.37,3994.8,3995.64,394,5,0
879,2025-11-04 12:45:00,3995.66,3996.35,3991.41,3991.88,345,17,0
880,2025-11-04 12:50:00,3991.87,3993.71,3991.2,3992.14,338,16,0
881,2025-11-04 12:55:00,3992.09,3994.19,3991.82,3993.86,346,16,0
882,2025-11-04 13:00:00,3994.04,3995.64,3993.87,3994.52,305,16,0
883,2025-11-04 13:05:00,3994.68,3994.85,3992.08,3992.23,302,16,0
884,2025-11-04 13:10:00,3992.2,3994.81,3991.61,3993.83,315,16,0
885,2025-11-04 13:15:00,3993.86,3995.68,3992.89,3993.3,315,16,0
886,2025-11-04 13:20:00,3993.21,3993.58,3992.78,3993.41,245,16,0
887,2025-11-04 13:25:00,3993.4,3995.38,3993.15,3994.16,314,16,0
888,2025-11-04 13:30:00,3994.22,3995.73,3993.43,3994.69,357,16,0
889,2025-11-04 13:35:00,3994.83,3995.08,3993.49,3993.66,324,17,0
890,2025-11-04 13:40:00,3993.69,3994.35,3992.37,3992.4,301,17,0
891,2025-11-04 13:45:00,3992.42,3997.45,3991.89,3997.04,356,16,0
892,2025-11-04 13:50:00,3997.15,4000.21,3995.16,3996.0,405,16,0
893,2025-11-04 13:55:00,3995.83,3996.34,3993.44,3995.5,380,16,0
894,2025-11-04 14:00:00,3995.52,3996.62,3993.57,3995.25,404,6,0
895,2025-11-04 14:05:00,3995.27,3996.52,3994.67,3995.21,343,16,0
896,2025-11-04 14:10:00,3994.79,3996.74,3993.83,3996.62,338,16,0
897,2025-11-04 14:15:00,3996.65,3997.43,3996.11,3997.39,320,16,0
898,2025-11-04 14:20:00,3997.36,3997.58,3992.8,3992.82,349,16,0
899,2025-11-04 14:25:00,3992.82,3993.35,3989.6,3990.34,369,9,0
900,2025-11-04 14:30:00,3990.28,3990.38,3984.38,3985.6,408,17,0
901,2025-11-04 14:35:00,3985.62,3989.1,3984.41,3988.29,417,16,0
902,2025-11-04 14:40:00,3988.32,3990.67,3987.36,3990.54,386,5,0
903,2025-11-04 14:45:00,3990.53,3992.43,3987.52,3988.73,395,14,0
904,2025-11-04 14:50:00,3988.75,3988.85,3984.71,3984.85,405,16,0
905,2025-11-04 14:55:00,3984.71,3987.35,3983.39,3984.67,418,7,0
906,2025-11-04 15:00:00,3984.3,3988.81,3983.71,3988.03,437,16,0
907,2025-11-04 15:05:00,3988.04,3991.73,3987.24,3991.69,417,16,0
908,2025-11-04 15:10:00,3991.64,3995.61,3990.98,3992.78,438,17,0
909,2025-11-04 15:15:00,3993.25,3995.96,3991.94,3992.96,420,5,0
910,2025-11-04 15:20:00,3992.93,3992.93,3985.9,3989.67,437,16,0
911,2025-11-04 15:25:00,3989.63,3989.67,3982.9,3983.8,424,5,0
912,2025-11-04 15:30:00,3983.84,3988.04,3979.35,3980.06,445,17,0
913,2025-11-04 15:35:00,3979.88,3982.47,3975.45,3978.6,449,17,0
914,2025-11-04 15:40:00,3978.56,3982.68,3976.97,3980.19,442,17,0
915,2025-11-04 15:45:00,3980.0,3982.27,3976.53,3976.96,433,17,0
916,2025-11-04 15:50:00,3976.97,3977.27,3972.0,3977.15,450,6,0
917,2025-11-04 15:55:00,3976.85,3978.74,3975.18,3975.93,448,16,0
918,2025-11-04 16:00:00,3975.24,3975.24,3967.69,3968.59,466,8,0
919,2025-11-04 16:05:00,3968.71,3972.45,3964.23,3970.45,452,5,0
920,2025-11-04 16:10:00,3970.46,3976.65,3968.27,3975.79,414,11,0
921,2025-11-04 16:15:00,3975.63,3977.55,3972.69,3972.78,414,9,0
922,2025-11-04 16:20:00,3973.11,3973.34,3967.94,3968.19,427,12,0
923,2025-11-04 16:25:00,3968.26,3970.57,3951.11,3951.11,456,16,0
924,2025-11-04 16:30:00,3950.93,3956.3,3933.84,3938.67,523,5,0
925,2025-11-04 16:35:00,3938.09,3942.15,3933.28,3933.9,528,5,0
926,2025-11-04 16:40:00,3934.03,3938.4,3928.9,3930.94,513,13,0
927,2025-11-04 16:45:00,3930.93,3940.13,3930.89,3938.53,485,16,0
928,2025-11-04 16:50:00,3937.83,3948.04,3937.83,3947.61,460,5,0
929,2025-11-04 16:55:00,3947.92,3959.92,3947.92,3956.82,482,10,0
930,2025-11-04 17:00:00,3956.93,3958.72,3949.07,3949.15,483,5,0
931,2025-11-04 17:05:00,3949.56,3953.8,3948.75,3952.91,464,5,0
932,2025-11-04 17:10:00,3953.16,3954.01,3944.06,3947.35,468,13,0
933,2025-11-04 17:15:00,3947.37,3952.85,3946.51,3947.33,462,5,0
934,2025-11-04 17:20:00,3947.12,3950.95,3941.09,3949.85,473,16,0
935,2025-11-04 17:25:00,3949.93,3952.3,3947.78,3949.15,448,17,0
936,2025-11-04 17:30:00,3949.08,3958.15,3948.47,3957.36,447,10,0
937,2025-11-04 17:35:00,3957.35,3967.12,3956.15,3966.7,467,17,0
938,2025-11-04 17:40:00,3966.78,3967.73,3964.37,3965.51,460,11,0
939,2025-11-04 17:45:00,3965.2,3965.86,3958.75,3959.81,452,11,0
940,2025-11-04 17:50:00,3960.31,3961.67,3958.03,3959.24,441,17,0
941,2025-11-04 17:55:00,3959.23,3960.23,3956.68,3956.8,427,17,0
942,2025-11-04 18:00:00,3956.86,3961.64,3956.77,3959.35,410,5,0
943,2025-11-04 18:05:00,3959.23,3964.17,3959.23,3962.25,406,13,0
944,2025-11-04 18:10:00,3962.12,3965.53,3961.84,3963.61,415,5,0
945,2025-11-04 18:15:00,3964.09,3971.98,3963.54,3969.57,449,15,0
946,2025-11-04 18:20:00,3969.7,3976.02,3969.38,3974.46,457,7,0
947,2025-11-04 18:25:00,3974.38,3974.95,3972.34,3972.5,426,16,0
948,2025-11-04 18:30:00,3972.69,3972.86,3968.59,3969.87,430,14,0
949,2025-11-04 18:35:00,3969.86,3973.87,3969.12,3969.2,417,6,0
950,2025-11-04 18:40:00,3969.2,3970.5,3965.71,3969.55,445,14,0
951,2025-11-04 18:45:00,3969.71,3970.23,3965.85,3965.85,405,16,0
952,2025-11-04 18:50:00,3965.59,3966.9,3964.2,3965.66,426,16,0
953,2025-11-04 18:55:00,3965.89,3969.45,3965.0,3969.02,423,5,0
954,2025-11-04 19:00:00,3969.33,3970.98,3967.9,3970.38,364,5,0
955,2025-11-04 19:05:00,3970.41,3970.55,3962.79,3963.62,426,16,0
956,2025-11-04 19:10:00,3963.48,3966.1,3961.86,3963.92,417,8,0
957,2025-11-04 19:15:00,3964.02,3965.23,3961.09,3962.04,416,10,0
958,2025-11-04 19:20:00,3962.0,3963.74,3959.11,3962.72,440,16,0
959,2025-11-04 19:25:00,3962.7,3963.67,3958.28,3959.6,426,16,0
960,2025-11-04 19:30:00,3959.68,3964.67,3959.47,3964.28,431,7,0
961,2025-11-04 19:35:00,3964.17,3965.16,3959.93,3960.84,417,16,0
962,2025-11-04 19:40:00,3960.89,3962.08,3959.3,3961.25,393,16,0
963,2025-11-04 19:45:00,3961.22,3964.14,3959.96,3961.47,426,5,0
964,2025-11-04 19:50:00,3961.5,3961.91,3955.05,3956.84,443,5,0
965,2025-11-04 19:55:00,3956.69,3956.79,3952.43,3955.11,423,5,0
966,2025-11-04 20:00:00,3954.79,3956.85,3954.34,3955.28,414,5,0
967,2025-11-04 20:05:00,3955.21,3955.37,3951.42,3951.77,399,5,0
968,2025-11-04 20:10:00,3951.57,3953.66,3949.6,3950.65,427,7,0
969,2025-11-04 20:15:00,3950.83,3952.72,3948.65,3949.32,429,16,0
970,2025-11-04 20:20:00,3949.43,3951.75,3949.43,3950.85,419,16,0
971,2025-11-04 20:25:00,3951.0,3952.55,3945.5,3950.79,437,5,0
972,2025-11-04 20:30:00,3951.18,3951.61,3941.34,3943.63,450,5,0
973,2025-11-04 20:35:00,3943.78,3944.04,3932.19,3934.97,469,5,0
974,2025-11-04 20:40:00,3935.27,3938.49,3932.26,3938.49,456,5,0
975,2025-11-04 20:45:00,3938.41,3941.04,3935.51,3939.1,451,15,0
976,2025-11-04 20:50:00,3939.12,3941.33,3935.8,3939.91,446,16,0
977,2025-11-04 20:55:00,3939.82,3941.36,3937.34,3937.76,420,5,0
978,2025-11-04 21:00:00,3937.76,3938.99,3934.77,3936.2,457,17,0
979,2025-11-04 21:05:00,3936.21,3938.72,3935.73,3937.72,440,5,0
980,2025-11-04 21:10:00,3937.7,3943.91,3937.03,3941.08,459,17,0
981,2025-11-04 21:15:00,3940.54,3943.92,3940.27,3942.08,431,16,0
982,2025-11-04 21:20:00,3942.28,3943.86,3940.75,3943.32,439,16,0
983,2025-11-04 21:25:00,3943.5,3943.98,3940.49,3941.82,404,16,0
984,2025-11-04 21:30:00,3941.65,3942.77,3938.78,3942.48,434,8,0
985,2025-11-04 21:35:00,3942.61,3943.07,3940.03,3940.56,419,16,0
986,2025-11-04 21:40:00,3940.43,3941.88,3935.8,3938.25,408,16,0
987,2025-11-04 21:45:00,3938.05,3938.86,3936.09,3936.6,424,16,0
988,2025-11-04 21:50:00,3936.6,3939.49,3936.03,3939.28,423,16,0
989,2025-11-04 21:55:00,3939.37,3939.67,3937.07,3937.36,382,16,0
990,2025-11-04 22:00:00,3937.48,3939.36,3931.61,3931.65,415,5,0
991,2025-11-04 22:05:00,3931.6,3935.46,3931.48,3934.24,399,5,0
992,2025-11-04 22:10:00,3934.23,3934.74,3931.5,3934.21,346,5,0
993,2025-11-04 22:15:00,3934.45,3936.34,3932.33,3933.16,399,16,0
994,2025-11-04 22:20:00,3933.15,3935.47,3931.9,3934.8,412,16,0
995,2025-11-04 22:25:00,3934.81,3937.83,3933.72,3937.47,378,16,0
996,2025-11-04 22:30:00,3937.57,3939.5,3935.96,3936.52,398,16,0
997,2025-11-04 22:35:00,3936.58,3940.63,3936.22,3938.73,408,16,0
998,2025-11-04 22:40:00,3938.65,3942.02,3938.45,3940.96,416,5,0
999,2025-11-04 22:45:00,3940.95,3941.2,3938.1,3939.94,302,5,0
